course_title,content_duration
Complete GST Course & Certification - Grow Your CA Practice,39.0
Financial Modeling for Business Analysts and Consultants,2.5
Beginner to Pro - Financial Analysis in Excel 2017,3.0
Trading Penny Stocks: A Guide for All Levels In 2017,3.0
"Trading Stock Chart Patterns For Immediate, Explosive Gains",2.5
Options Trading 3 : Advanced Stock Profit and Success Method,2.5
Forex Trading Secrets of the Pros With Amazon's AWS,5.0
Python Algo Trading: Sentiment Trading with News,7.0
The Complete Chart Pattern Trading Course: A Proven Approach,4.0
Forex Traders - Create Your First Trading Robot. No Coding!,4.0
Beginner to Pro in PowerPoint: Complete PowerPoint Training,5.0
Investing 101: The Complete Online Investing Course,4.5
Learn MQL5: Build an 8-Currency Hedging Robot (MetaTrader 5),4.5
Forex Trading: Your Complete Guide to Get Started Like a Pro,3.0
Python Algo Stock Trading: Automate Your Trading!,2.5
The Complete Bitcoin Course: Get .001 Bitcoin In Your Wallet,6.5
Options Trading Stocks: Proven Toolbox For Financial Success,10.0
Forex Trading A-Z™ - With LIVE Examples of Forex Trading,5.5
"Introduction to Finance, Accounting, Modeling and Valuation",4.5
Beginner to Pro in Excel: Financial Modeling and Valuation,7.5
The Complete Investment Banking Course 2017,5.5
The Complete Financial Analyst Course 2017,10.0
Python for Finance: Investment Fundamentals & Data Analytics,6.5
Financial Modeling for Startups & Small Businesses,11.5
Black Algo Trading: Build Your Trading Robot,16.0
Accounting & Financial Statement Analysis: Complete Training,3.0
Cryptocurrency Trading: Complete Guide To Trading Altcoins,5.0
Forex Robots: Expect To Earn 175% P.A. Forex Robot Included!,5.5
Three Steps Trading - Live Trading - Real Account,5.0
Learn to Trade for Profit: Find and Trade Winning Stocks,3.0
Dividend Investing: Build Your Portfolio for a Better Future,4.0
Learn Accounting. Understand Business.,5.5
Excel Crash Course: Master Excel for Financial Analysis,3.5
"Comprehensive Guide to Financial Markets, Investing &Trading",9.0
Stock Trading Ninja: Complete System For Trading Success,4.5
Hedge and Mutual Fund Careers: The Complete Guide,8.5
Algorithmic Trading In Forex: Create Your First Forex Robot!,6.5
The Power Modeling Bootcamp: Advanced Excel in 10 Days,5.5
Options Trading Basics (3-Course Bundle),11.0
How I Make Consistent Returns Trading Options,3.5
"Forex Strategies: Kelly Criterion, Larry Williams and more!",3.0
"Elite Trend Trader: Learn To Trade Stocks, Options & Forex",5.0
Options Trading Introduction: Day Trade Stock Options,2.5
Learn to Trade for Profit:Trading with Japanese Candlesticks,3.0
What Finance Job is for You? Explanation of 14 Finance Roles,4.0
Trading for Beginners - Intermediate Level,5.0
Start Trading Stocks Using Technical Analysis!,4.0
Introduction to Accounting: The Language of Business,11.5
The Complete Value Investing Course: A Proven Approach,4.5
Forex Trading - Advanced Fundamental Analysis,2.5
Learn How To Successfully Trade Stocks: In 5 Simple Steps,9.5
Forex MetaTrader 4: Master MT4 Like A Pro Forex Trader,5.0
Practical Accounts APP Overview,3.0
Trend Traders Club: How To Find And Trade Fast Moving Trends,5.5
Practical Accounts & Bookkeeping Automated Overview ,4.5
Live Account - ETF Trading System - Hacking The Stock Market,5.0
Advanced Accounting A Complete Study for CA / CMA / CFA / CS,62.0
Forex SOS Course: Trading Tweaks And Working Forex Strategy,2.5
Quantitative Aptitude for Banking & Competitive Examinations,3.0
Option Spreads and Credit Spreads Bundle,4.5
B Com Accountancy I (Paper ECO 02 IGNOU),31.5
FOREX TRADING - Learn in a quick + profitable way + support,3.5
Auditing Basics (Professional Course Level),2.5
Stock market Investing Encyclopedia: How to invest in stocks,3.0
Transfer Pricing A Complete Analysis,2.5
Complete Trading Plan Course for Stocks & Forex (10 Hours),9.5
"Intro to Investment Banking, M&A, IPO, Modeling + Free Book",20.0
How to Pick The Right Penny Stocks To Invest In 2017,2.5
Intro to Financial Modeling,6.0
Forex Trading MAKE YOUR FIRST TRADE TODAY!,4.0
SAP FICO For Beginners - A Guide to SAP Financial Accounts,5.0
Learn how to double your Forex Trading Account in one trade,2.5
"Accounting Superpowers: Learn Accounts, Understand Business!",2.5
Python Algo Trading: FX Trading with Oanda,3.0
Get a Credit Repair Publication On Amazon and Live LIFE..,3.0
Fundamentals of Accounting,3.0
"RSI, Options Trading & Technical Analysis (3 Course Bundle)",3.5
Stock Options Day Trading Mindset for Success,4.5
Learn to Trade The News,46.5
"Value Investing, Taught by Six Superinvestors",5.0
Trading for everyone - The Independent Investor Course I,4.0
Get Acquired: Learn From The Head Of Acquisitions For eBay,2.5
Stock Market investment: Practical Accounting,3.0
Forex Trading Like Banks – Step by Step with Live Examples,4.5
"Master 'Technical Analysis and Chart reading skills Bundle""",3.0
The Ultimate Guide to Dividend & Dividend Growth Investing,5.5
Build a DCF Valuation Model,5.5
Introductory Financial Accounting,10.0
Trade Pullback Candlestick Strategy - Make Consistent Pips,3.0
QuickBooks 2015 Training for Newbies,6.0
Accounting 2 Simplified for You,5.0
Investing: How I Consistently Beat The Stock Market,4.5
Bookkeeping Basics:  Understand the Fundamentals,4.5
Leasing - A Comprehensive Study (Professional Course Level),3.5
Accounting Is Easy (for Beginners),9.0
Learn how to INVEST for huge profits or make it big trading!,5.5
"How to Fund your Million Dollar Idea: Equity, Debt, Unfund",6.0
Stock Technical Analysis with R,7.0
Comprehensive Forex Mastery Program,10.0
CFA Corporate Finance Level 2,17.5
Introduction to Options - Strategies For Consistent Profits,4.5
Introduction to Bookkeeping (Accounting),12.0
Investment Banking: How to Land a Job on Wall Street,3.5
Excel Dashboard - Interactive Excel Dashboard and Charts,3.0
The Securities Trade Lifecycle,4.0
Double your Forex Account using the MAGIC MA trading robot,2.5
Advanced Accounting for Investment Banking,4.0
Venture Capital. What is it and Why it Matters to You!,2.5
Direction-Independ Trading - Elite Forex Traders  Strategy,2.5
How to Become a Financial Analyst from Scratch!,5.0
First Steps to Trading the Forexmarkets : Technical Analysis,3.5
Read financial statements like a pro,4.0
IAS 18 - Revenue,4.5
Forex Trading: The High ROI Forex Trading End of Day Course,2.5
Fundamentals of Accounting for Business Owners,2.5
Practical Financial Statement Analysis,4.5
Forex Management - Detailed Study for CA / CS / CFA Exams,3.0
Professional Risk Manager (PRM) Certification: Level 1,24.0
International Tax  - Tax Beyond boundaries,19.5
The Complete Financial Statement Analysis Course,3.0
Build A Career In Forex Trading- Learn Fundamental Analysis,3.5
Financial Modeling: Build a Complete DCF Valuation Model,2.5
Hands-on Financial Modeling (With 6 Excel Templates),4.0
CAIIB Advanced Bank Management (Part I),20.5
Stock Market investment:Non financial fundamental analysis,3.0
Basics of Business Finance,4.0
Accounting Made Easy 2,3.0
"Bitcoin: el futuro del dinero, hoy",3.0
Trading con retrocesos de Fibonacci,2.5
Mit Finanzwissen zu besserem Unternehmertum,3.0
Curso de Trading práctico basado en casos reales,10.0
Curso Avanzado de Trading,20.5
Análise de Concessão de Crédito,10.5
Crash Course on Cost of Capital and Capital Structuring,3.0
Business Accounting Made Easy,5.5
Mastering Technical Analysis : Maximizing Trading Profits,5.0
The Complete Guide to Professional Trading with Elliott Wave,4.5
Stock Market for Beginners - Complete Starter Toolkit,6.5
Technical Analysis 101: Secrets of Trading Revealed,2.5
Volatility Trading Analysis with R,6.0
BITCOIN VISUALLY. Part I.,4.0
Learn and Master the Basics of Finance,3.0
FOREX : LearnTo Trade the Improved ( Advanced ) Patterns,5.5
Mastering the Market : (Technical Analysis + Candlestick),7.0
* An Integrated Approach to the Fundamentals of Accounting,5.5
Financial Model Fundamentals-Learn the Essential Skills,2.5
Working Capital Management for CA / CFA / CPA Exams,3.5
Risk Analysis - Capital Budgeting for CA / CS / CFA exams,5.5
Corporate Finance 101: Financial Statement Analysis & Ratios,8.0
Mastering Futures Options for Beginners - Your Top 5 Plays!,2.5
Accounting Basics - A Complete Study,29.0
Case Studies in Macro Economics,4.0
Understand Banks & Financial Markets ,3.0
Stock Technical Analysis with Python,8.0
How to Become an Accountant from scratch!,3.0
How to invest in Gold,2.5
MBA Accounting and Finance for Managers(Paper MS04 of IGNOU),26.0
Cost Accounting Marginal Costing Theory and Practice,2.5
Master Finance in Three Hours,3.0
Option selling trading as income source. Beginners friendly,6.0
Become A Forex Trader - Forex trading like a professional,2.5
Financial Accounting: The Complete Introductory Crash Course,10.0
How to Build a Massive Stock Portfolio from Zero!,11.0
Introductory Forex Trading Course,3.5
Accounting and Finance for Bankers - A Comprehensive Study,24.5
Forex Prep Academy for Beginners-Real trades!,3.0
Forex Trading vs Option Trading,2.5
Value Investing For Beginners,2.5
TRADING TACTICS,6.0
Ultimate Retirement: Build Your Own Dynamic Retirement Plan,6.0
Cost Accounting Crash Course,2.5
Option Trading for Rookies: Basic Option Strategies,2.5
Learn to Raise the Funds You Need via Crowdfunding,8.0
The Financial Analyst Skills Training (FAST) course 2017,10.0
Accounting 1 Simplified for You,3.0
[Value Investing] Where White People Keep Their Money,4.0
Basics of Commerce A Complete Study,5.5
The Passive Investing Blueprint - Build Wealth Passively,3.5
7 Steps: Your Introduction to Trading,5.0
QuickBooks Online: Complete Guide & Certification tips,13.0
Chart Patterns Trading Demystified,2.5
Forex Trading: Comprehensive & Concise Forex Trading Course,3.5
Finance - Ratios Analysis & Interpretations,2.5
Quantitative Trading Analysis with R,7.5
Penny Stocks King: How 2 really Trade Penny Stocks (6 Hours),6.0
Professional Risk Manager (PRM) Certification: Level 2,7.5
Practical Trading on Financial Futures & Options Markets,4.0
ChalkTalk: Financial Accounting,3.5
The Investment Banking Recruitment Series,3.5
Accounting 101-Master Class for Understanding Business,2.5
Financial Statement Fundamentals for Small Biz & Investors,3.0
IAS 12 - Accounting for Income Taxes (Basics),4.5
Forex: Learn to Trade Forex and FX Consistently,5.5
Trading: High-ROI Trading,12.5
"Build, Grow, and Protect Your Assets: A Step-by-Step Guide",3.5
Learn to Trade Forex - from Beginner to Professional,12.5
Introduction to Equity Markets,6.5
Financial Management - Ratio Analysis,5.5
Futures/Commodity Trading,5.5
Complete Claritas Investment Certificate,11.5
Introduction to the economics of public services regulation,8.0
Cryptocurrency (BTC & ETH) Investment & Trading Course 2017,2.5
Case studies on credit appraisal for bankers,3.5
CFA Level 2- Quantitative Methods,5.5
Capital Market Road Map,4.0
Bitcoin - A Comprehensive Guide,2.5
Forex Trading,4.5
"The True ' Secret Sauce  For Stock Market Success""",3.0
Bookkeeping to Command Senior Bookkeeping Wages,4.5
Visualizing Data,6.5
IFRS Financial Reporting,3.5
Learn Financial Accounting Different,6.0
"IAS37 - Provisions, Contingents Liabilities & Assets",4.0
Financial Reporting A Comprehensive Study,8.0
An Abundance Mindset: How to Craft Yours,4.5
Bitcoin or How I Learned to Stop Worrying and Love Crypto,8.0
Trend Following Stocks: A Complete Trading System,3.5
Forex Basics,3.5
Bitcoin - Ethereum: Trading -Watch me manage my own account!,2.5
FOREX : Learn Technical Analysis,18.0
FastTrack to Stock Trading Strategies,3.5
Succeed in Forex Even if You Don't Know Where to Start!,19.5
Capital Market Immersion,24.5
"Internal Controls - Design, Implementation and Monitoring",6.5
Forex online live trading system (Special Offer),5.5
Winning Options Trading System,7.5
Six Stage Negotiation,2.5
Financial Reporting - Fundamentals/Basics,2.5
"Accounting, Finance and Banking - A Comprehensive Study",33.0
Advanced Technical Analysis PART1!,3.0
Advanced Financial Management for CA / CS / CFA /CPA Exams,24.5
Learn the Foundations of Stocks and Options,7.5
Forex Trading Masterclass - Learn To Trade Better,3.0
Credit Risk Analysis,3.5
Python for Trading & Investing,5.0
Essential Options: Strategies for Mastering the Stock Market,5.0
The Day Trader: Learn to Trade The Stock Market and Forex,10.5
Stock Technical Analysis with Excel,7.0
Mortgage Backed Securities,3.5
The Complete Financial Model Builder Course-Build 7 Models,9.0
Fundamental Financial Math,2.5
Equity Swaps,3.0
Certificate Program in Financial Accounting,4.5
Fundraising Success: The Art & Science of Major Gifts,2.5
Smart Trading Techniques for Safe & Consistent Weekly Result,2.5
Budgeting for Business,2.5
Hot Trading Investing Strategy: ETF and Futures,2.5
Financial Management - A Complete Study,71.5
MQL4 Programming for Traders: Build Robust Trading Robots!,7.0
Ultimate Stock Market Investing: Learn How to Value Stocks,3.5
No Bull Investing: Investing 101 For Financial Freedom,6.5
Small Business Owners: Drive a Productive Business and Grow,3.0
Technical Analysis 101: Ten Primary Candlestick Reversals,7.0
"Basics of Fixed Income Valuation, CFA Level I 2017 Prep",3.5
Tax made simple for Limited Company Owners and Contractors,3.0
Write a Successful Business Grant Proposal,2.5
Ratio analysis for bankers and credit analysts,3.0
الدروس التعليمية لسوق الفوركس والأسواق المالية الأخرى,20.5
Financial Risk Manager (FRM) Certification: Level II,47.0
Level 1 2014 CFA® Program – Corporate Finance,3.0
Strategy layout and Backtesting,4.0
Easy Forex and Futures Trading,14.5
Trading mit kleinen Konten - Grundlagen die du kennen musst,3.5
Trade for Profit: Find-Trade Stocks Successfully Arabic عربي,2.5
CPA 10 COMPLETO,5.0
Estruturação Financeira,3.5
Five steps to becoming a winner in stock investing,3.0
Learn Bookkeeping From Scratch,3.0
ACCA MA1 Management Information,3.5
How I Make Money Writing About Stocks Online,2.5
Tradeonomics - Four Steps to Mastering Economic Indicators,4.0
Forex Trading : Power Of Moving Averages,4.0
Samuel and Co Trading - Stock & Forex Trading,5.5
Accounting Department's Tips & Tricks - Beginner to Advanced,6.0
Certificate Program In Management Accounting,6.0
Professional Trading With Institutional Supply & Demand,5.5
Accounting 101: Guide to Business Accounting,14.5
Your Business by the Numbers,3.0
Bitcoin & Ethereum Course (2 Course Bundle),2.5
Financial Statements Analysis: Learn to Invest Like a Pro!,2.5
TRADING MARKET MAP,3.5
How To Confidently Join The Bitcoin Revolution,7.0
High Probability Trading Across Any Market: Stocks & Forex,18.5
Your First Successful Forex Trades - With Case Studies,2.5
MCA Accountancy and Financial Management -Paper MCS 35 IGNOU,43.5
Financial Accounting - The Ultimate Beginner Course,10.0
Level 1 2014 CFA® Program – Derivatives,2.5
The Complete Investing Guide: How to Beat Wall Street,5.5
Level 1 2014 CFA® Program – Equity Investments,4.5
Wealth Management,3.5
Curso Completo del Mercado FOREX,5.5
Robots de Forex: espere ganar 175%p.a! Incluye Robot de Fx! ,5.0
６時間でインターバンク市場を攻略！最短距離でトレード基礎力,4.0
Введение в Финансовую Инженерию,5.0
資産運用の基礎を学ぶファイナンス入門,4.0
Aprende a invertir y deja que tu dinero trabaje para ti,14.0
Buchführung lernen leicht gemacht,5.0
Day Trading: High ROI Day Trading ,6.5
Stock Market for Beginners. Learn to trade,3.5
CFA Corporate Finance Level 1 (Part 1),14.5
Capital Structuring Techiques for CA / CFA / CPA Exams,7.0
The Complete Guide to Forex Trading,5.0
Trading strategies with common sense technical analysis,3.0
Startup Business: How To Raise Seed Capital,3.0
Business Economics - Basics (College Level),4.0
Investing in Stocks? Master The Art of Covered Calls Selling,3.0
Forex Trading using professional indicators by TOP traders,3.5
Corporate Finance 101: Equity Valuation,6.0
Navigate the 10-K and Other Financial Reports,2.5
From 0 to 1: Investments and Portfolio Theory,4.5
Bitcoin - The Complete Guide,5.5
Bitcoin Peer Investing: How To Generate Double Digit Returns,2.5
Forex Breakout Profits: The Definitive Guide,2.5
Learn to Trade With Fibonacci Tools,4.0
From 0 to 1: Bond Theory and Valuation,4.0
Stock Market Mastery,7.5
"IAS 8-Accounting Policies ,Changes in Accounting Estimates",2.5
CFA® Level 1 2014 – Financial Reporting and Analysis,10.0
CFA Level I Foundation Course: Introduction to Quants,5.0
Financial Risk Manager (FRM) Certification: Level I,24.0
Investment Portfolio Analysis with Excel,9.0
Chartered Financial Analyst (CFA) - Level 1 - FRA,14.5
Finance for Non-Finance: Learn Quick and Easy,2.5
How to Copy the Best Traders on Etoro,3.5
Professional Risk Manager (PRM) Certification: Level 3,12.5
The Truths about (in)secure Retirement,4.5
MasterClass-Japanese &  Heiken Ashi CandleStick Patterns,3.5
Forex & Financial Market Trading Tutorial- Online Strategies,9.0
"Economics:   Competition, Elasticity, a little Game Theory",6.0
Quantitative Trading Analysis with Python,5.5
Invest Like a Pro!,2.5
Options Trading Essentials: The ULTIMATE Guides,4.0
ACCA FA1 Recording Financial Transactions,3.5
Small Business and Managerial Accounting Training Tutorial,3.5
Commodity Futures Day Trading Strategies,5.0
FX Commodity Chart Trading Patterns for Success,2.5
Forex Elite Trading,6.0
How to Invest in Startups - Expert Reveals Winning Secrets.,8.5
"Credit concepts and checklist for bankers, credit analyst",2.5
60 Minutes to Fundamental Accounting Skills,2.5
Trade Forex 13 Patterns - Golden Ratios Secret Revealed,4.0
Crystal ball trading - foresee price with seasonal patterns,6.0
Hedge Fund Trading Systems Part Two - Stocks & ETFs,2.5
Debt Collection Management: Get Paid On Time EVERY TIME!,3.0
Options Spreads Bundle-  the heart of Options Trading,2.5
Investment Portfolio Analysis with R,6.5
Financial Modeling for Professionals in 1 Day!,4.5
Create Your Own Automated Stock Trading Robot In EXCEL!,5.0
FOREX: From Zero To Hero,3.0
Learn Call Options and Put Options - Introduction to Options,3.0
Technical Analysis: Understanding Price Action,3.0
Bitcoin For Beginners,4.0
"IAS 16-Property,Plant and Equipment ",3.0
Basel II,3.5
Learn Financial Modeling from Scratch - Part1,3.5
Introduction to Small Business Accounting Training Tutorial,3.5
The Beginner's Guide to the Futures and Options Trading,3.0
Bitcoin Investing: The Complete Buy & Hold Strategy,4.0
Financial Modeling in Excel for Startups,6.0
Build a Trading Comps Valuation Model,7.0
The Advanced Forex Course for Smart Traders,5.0
Cost Accounting Overheads (Professional Course Level),2.5
Beginners Guide to Stock Market Investing,2.5
NPV and IRR Techniques for CA / CFA / CPA Exams,7.5
Commercial Credit Analysis,7.5
Essential Finance For Managers,5.5
"Financial Accounting, its Cycle, Statements & Analysis",5.0
Yield Curve Dynamics,3.0
Value Investing and Stock Market Fundamentals,3.0
Media Training for Financial Service Professionals,7.0
Corporate Finance and Alternative Investment for CFA L1,4.5
Don't Let Your Customers Run Your Business,2.5
TopTrader Academy - Complete Options Course,3.0
Learn Quickbooks to maintain books properly,2.5
CFA Level I Foundation: Introduction to Financial Reporting,5.5
"Fixed Income Valuation and Analysis, CFA L2",3.0
Trading For Busy People,3.0
CFP - Introduction to Financial Planning,12.0
Investment Portfolio Analysis with Python,7.0
Cost Accounting and Financial Management - A Complete Study,45.0
high swing - كورس لتعليم جميع مراحل احتراف تداول الفوركس,2.5
TRADER BOT: Introdução à Linguagem MQL5,70.0
Aprende desde cero a operar el mercado de divisas FOREX,4.0
Cómo usar Metatrader 4 para hacer trading?,6.0
Aprende a llevar la contabilidad de forma informatizada,4.5
"Erfolgreich als Signalgeber/in, per Social- und Copytrading",6.0
Aprenda  a Investir,8.0
"Options Foundation - Time Decay, Implied Volatility, Greeks",3.0
Buying Call and Put Options - Options beginner strategies,3.0
Intermediate Accounting 1: Easy. Fast. Simple!,2.5
How to Read a Balance Sheet,3.5
Credit Repair from a Financial Institution,2.5
The Binary Institute -  Binary Options Trading Course,2.5
Matemática Financeira com HP12C e MS Excel,4.5
Finanzas Personales para Vivir Libre de Deudas,6.0
株式投資で本当のテクニカル分析ができるようになる,2.5
Le basi del Trading,3.5
【個人事業主向け】青色申告の記帳を自力で行うための複式簿記の基本,3.0
Profit and Loss Account for bankers and credit analysts,7.5
Business Accounts For Managers,3.0
Practical Accounts Training A,31.5
"Intro. to Asset-Backed Securities, CFA Level I,  2017 Prep",3.0
Reach Your Personal Financial Goals the Easy Way (2017 UK),4.5
CFA Level 1 - Derivatives,4.0
Stock Fundamental Analysis with Excel,10.0
Manual Bookkeeping,2.5
Forex trading with binary options,3.0
Triple P Trading Course,3.0
Cost Accounting - A Comprehensive Study,29.5
How to become a successful day trader,2.5
Public Speaking: You Can Give Great Financial Presentations,6.5
Forex trading Basic to advance Professional Level course,2.5
"Technical Analysis Primer for trading Stocks, Bonds & Forex",3.0
Basics of Finance and Budgeting,6.0
Portfolio Management CFA L1 2016,5.0
"Trade Stocks, Forex & Financial Markets like a Professional",3.0
The Smart Option Trader,13.0
Financial Statements: Learn Accounting. Unlock the Numbers.,3.0
Interest Rate Swaps,3.5
Economics - CFA Level 1 - 2014,4.0
Bookkeeping Made Simple,2.5
What is Bitcoin,5.0
Accounting for CA CPT Exams Part I,13.5
Raising Capital for Your Business,2.5
Accounting Concepts For Technocrats,2.5
Advance Technical Analysis,3.5
The Everyday Investor: Building Wealth with Venture Capital,2.5
Learn to Trade for Profit: Finding Winning Stocks - Chinese,3.0
Financial Accounting Part 2 - Passing The Class,4.5
Legal Accounting,4.0
"Term Loan Appraisal for bankers, credit analysts",6.5
Small Biz Doers' Guide to Small Biz Accounting + Bookkeeping,5.5
Forex Harmonic Trading- With Multiple Forex Chart Examples,2.5
Certificate in MYOB AccountRight Premier 2017 Course,3.0
Introduction to Futures & Options,4.5
Learn To Invest In 7 Steps,3.0
Sell like a Pro: Insider Secrets of Successful Selling!,2.5
CFA® Level 1 2014 – Quantitative Methods,5.0
FOREX Currency Trading For Beginners,4.0
Basic Technical Analysis,2.5
"Working Capital assessment for bankers, credit analysts",7.0
How to trade in the Forex market,2.5
Bookkeeping Practicals with Software,31.5
8 Steps To Achieve Financial Freedom And Escape Debt,5.5
Profits Turbo,5.5
Economics for beginners - Various Concepts,2.5
Learn Financial Modeling from Scratch - Part 2,3.5
Trading Algorítmico en Forex: Crea tu primer Robot de Forex!,6.5
Contabilidad Gubernamental en México,3.5
"Geld verdienen mit dem Ticken der Uhr, wie Warren Buffett!",5.0
Guía práctica para comprar acciones en la Bolsa de USA,4.5
Contabilidad Financiera: Conoce el Lenguaje de los Negocios.,2.5
Curso de Iniciación al Trading,10.5
Complete GST Course For Small and Medium Enterprises,6.0
15 Mandamientos para ganar dinero en Bolsa,8.5
Contabilità Generale,8.5
Estrategias de Inversión aplicadas al mundo del trading,3.0
Le basi del trading online,3.5
Invierte en la Bolsa Mexicana y de USA,5.5
Gestão Financeira Para Pequenas e Médias Empresas,4.5
Curso Completo de Bitcoin - Ganhe 0.00005 Bitcoin,5.5
Apprendre à trader sur le marché du Forex - guide complet,3.0
Forex para Principiantes-Ejemplos en VIVO de Trading Real,5.0
Understanding The Stock Market: For Beginners,7.5
CFA® Level 1 2014 – FI,4.5
Managerial Accounting - The Ultimate Beginner Course!,11.0
Accounting - Basic Costing ,3.5
Forex Basics: Learn how to read and analyze Forex charts,4.5
Start-up financial modeling for non-finance professionals,4.0
Tally ERP Complete Training in Urdu / Hindi,5.0
Accounting Simplified,8.5
Aprende a Ganar Dinero en la Bolsa,4.0
Gana en la Bolsa con Análisis Técnico,8.5
Precificação - Calculando valor de venda baseado nos custos,3.0
Investimento em Ações,4.5
Excelを使ってビジネスシミュレーション：基礎編,5.0
"Wie Du, Dir auch mit kleinen Beträgen ein Vermögen aufbaust",7.0
Corporate Ethics,3.5
CFA Level 2- Quantitative Methods,5.5
Understand Core Finance Principles in 60 Minutes,2.5
Learn Wave accounting to maintain books properly,3.0
Surviving Introduction to Finance,3.0
TRADING FOR A LIVING: Trading Full-Time Transition Guide,3.5
"Financial Analysis, from Scratch to Professional!",3.5
Learn How To Successfully Trade Forex: In 5 Simple Steps,8.5
The Intelligent Investor,10.5
Trading: From Wall Street to Your Street,5.5
Tax Preparation: Learn Fast! Prepare Taxes with Confidence!,2.5
Finance and Accounting for Startups,12.5
The Complete Forex Trader,7.0
Tape Reading: Learn how to read the tape for day trading,14.0
How to Trade Commodity and Financial Futures for a Living!,2.5
Complete Short Financial Ratio Course for Financial Analysis,3.0
How to Build Profitable FOREX Automated Trading Strategies!,2.5
Stock Trading Strategies: Profitable Trading in 7 Days.,5.5
Management Accounting A Complete Study,17.5
Become a Career Day Trader: Asian-Pacific Futures Markets,3.5
Equity Products,2.5
Financial Accounting Part I - Passing the Class,4.5
Accounting 102: Guide to Business Accounting,8.5
Advanced Finance and Accounting for Startups,6.5
Trade for a Living,8.0
Learn Stock Options: Options Made Simple 101,5.0
Banking Credit Analysis Process (for Bankers),17.5
A Beginners Guide to Technical Analysis of Stock Charts,8.5
Basel Norms (Basel 1/ Basel 2/ Basel 3) Simplified,4.0
Fixed Income Securities,4.5
Financial Accounting Made Easy for All,4.0
Ultimate Guide To Trading Engulfing Candlestick Strategy,2.5
Revealed: Profitable Principles of Successful Traders ,3.0
Easy Market Profits: 3 Step Stock Investing Strategy,3.0
Professional Risk Manager (PRM) Certification: Level 4,8.0
Crowdfunding for Filmmakers,4.0
How to Make IT Work Successfully in Capital Markets,3.0
Life Coach Business Basics: Finance and Operations,3.5
Investimento em Ações para Leigos,2.5
Introducción a la Contabilidad,2.5
Introducción al trading de opciones,5.5
Aprenda a Investir seu Dinheiro,2.5
Trader sur le Forex avec Ichimoku,2.5
トレーディングビュー徹底攻略2017年版,3.0
Kostenrechnung lernen leicht gemacht,3.0
Finance for Non Finance Executives,13.0
Innovators and innovation: Travel through time!,6.0
Learn How to Trade The Stock Market,4.0
Financial Modeling and Valuation: Complete Beginner to Pro,5.0
Anatomy and Figure Drawing for Beginners,21.0
Illustrator CC MasterClass,12.0
Logo Design in Adobe Illustrator - for Beginners & Beyond,7.5
Discover How to Draw and paint Comics,62.0
Photoshop in Ease: Create World Amazing  Graphic Designs,3.0
Canva Graphics Design Essential Training For Everyone,2.5
Deinen Roman setzen mit PagePlus in 10 einfachen Schritten,3.5
Graphic Design Bootcamp,8.0
The Ultimate Drawing Course - Beginner to Advanced,11.0
Ultimate Photoshop Training: From Beginner to Pro,11.5
Photoshop for Entrepreneurs - Design 11 Practical Projects,5.0
Anatomy for Figure Drawing: Mastering the Human Figure,68.5
Sketch 3 from A to Z: Become an App Designer,3.5
How to Design a Logo - a Beginners Course,2.5
Logo Design Masterclass: Learn Logo Design + Illustrator,6.5
How to Draw and Sketch for Beginners,9.0
Graphic Design Masterclass: Learn Graphic Design in Projects,3.5
Canva Graphics Design for Entrepreneurs - Design 11 Projects,3.5
Vector Logo Design in Affinity Designer,3.0
How To Make Professional eBook Covers For FREE,3.0
Design Business Card in Photoshop: Earn Money by Doing It,3.5
Digital Photo Manipulation Art And Cover Design In PhotoShop,5.0
Drawing Perspective For Beginners,7.5
Adobe InDesign CC Advanced,3.5
Como Criar Logos de Sucesso - Start Designer,6.0
Cómo crear maquetas con Adobe XD,3.0
Ferramentas Visuais,5.0
Adobe Indesign CC Başlangıç,2.5
Mastering Photoshop CC 2017 - The Art of Design & Technology,6.5
Canva : Graphic Design Theory Volume1,2.5
Photoshop CC for Beginners - A Comprehensive Crash Course,2.5
Illustrator CC para novatos: ¡desde cero hasta experto! ,11.0
Photoshop para novatos:  ¡desde cero hasta experto!,12.0
Diventa un professionista del Graphic Design,17.5
Formação em Design Gráfico com Corel Draw Versões X8 / 2017.,11.0
ABC do Photoshop CC,7.5
Photoshop para iniciante - o básico,3.0
Curso Online de Adobe Illustrator CC e CS6,13.0
Photoshop & Illustrator CC Essentials in Arabic,3.5
Photoshop from Zero to Hero ( Arabic ),12.5
Photoshop Essentials - Uma Introdução Detalhada,2.5
Expert Guide : Mastering Types feature in illustrator !,2.5
Cartoon Game Logo Design using Photoshop,2.5
All-in-One Premium Design Course - Scratch to Pro+ Edition,5.5
Editorial Illustration Tutorial: From Drawing to Photoshop,2.5
Graphic Design Secrets Revealed,6.0
Drawing in Perspective,3.0
"Digital Art in Adobe Illustrator CC: Angry Bird, Tom & Jerry",2.5
Figure Drawing From Life Using The Reilly Technique.,2.5
Inkscape For Beginners 2016/2017,4.0
Become an InDesign Pro in 10 Skills,5.0
Discover the 7 Secrets to Figure Drawing: Draw Awesome ...,10.0
Photoshop CC MasterClass,11.5
Become A Logo Designer ,2.5
Learning Photoshop CC 2014 in Egyptian Arabic ,3.5
Getting Started With Photoshop CC,4.5
Conviértete en un experto de photoshop cc naked series,12.0
CORSO COMPLETO DI E-ON VUE X-STREAM PER TUTTI,3.5
Ilustración de la A a la Z,3.0
Diseño Gráfico fácil y rápido.,13.5
超基礎！超入門！〜作りながら学ぶ。完全無料3DCGソフトBlender〜,5.5
Curso de Corel Draw: Como Hacer Todo para tu Fiesta Temática,2.5
Learning Photoshop CC 2015,10.5
Create Awesome Ebook Covers Using Microsoft Word,3.5
Advance Learning Tools Corel Draw Graphics Design,14.0
Logo Design for Entrepreneurs ,3.5
Sketch 3: Design a mobile application from scratch,2.5
Adobe Photoshop Essentials: Master Adobe Photoshop CS6,2.5
Learn GIMP,6.5
InDesign: Diseño de proyectos paso a paso,4.5
Domina el Diseño Gráfico para Web con Photoshop CC,6.5
Adobe Illustrator CC,9.5
Photoshop Workflow - Manipulação de imagem para Publicidade,12.5
Como Produzir Ebook e Livros com Adobe Indesign CC e CS6,12.5
Curso Completo de SolidWorks 2016.,9.0
なぞるだけですぐできる! 簡単手描きイラスト講座,3.0
Design & Create Vector Graphics With Inkscape 2016,2.5
GIMP for Beginners. Make Your Own Professional Book Covers,6.5
Learn Photoshop Quickly (For Bloggers & Web Images),2.5
Photoshop CC 2017 for Beginners: Master Photoshop Essentials,3.0
The Complete Canva Course,4.5
Logo Design Theory & Application Bootcamp,7.0
LaTeX for Professional Publications,3.0
Book Design With MS Word And Canva ,2.5
A Complete Guide to Successful Freelance Logo Design Career,8.5
The Logo Design Process From Start To Finish,5.5
Creative logo design with Inkscape for free,4.0
How To Sell Your Art Online With ETSY,3.0
Ultimate Guide on Freelancing Career in Photoshop Design,6.5
Photoshop - Como criar Fusão de forma profissional,4.0
"Photoshop, Illustrator, InDesign & Graphic Design Principles",12.0
Indesign - Para quem quer trabalhar com Design Gráfico,2.5
Primeros Pasos con Photoshop CC,2.5
Cómo Diseñar Logos,3.5
Photoshop para principiantes: ¡De cero a experto!,7.5
ABC do Adobe Illustrator,5.5
master course - realistisch zeichnen lernen,5.0
Photoshopマスターコース　基礎から上級まで　ステップバイステップでPhotoshopのすべてを学ぼう,13.0
Professional Logo Design in Adobe Illustrator,7.5
Learn UI/UX and Mobile App Design in Photoshop from Scratch,3.0
Mastering Photoshop: From Beginner to Industry Professional,12.5
Start Making Comics with Manga Studio 5 / Clip Studio Paint,6.5
"YOU can Draw, Shade and Paint a Mixed Media Girl...today!",3.0
Photoshop | GIMP: Quick & Easy Image Hacks for Beginners,3.5
Learn Photoshop CC Essentials,4.5
Mobile App Design: From Beginner to Intermediate,10.0
✔️ Illustrator CC : Be a Graphic Designer in Illustrator CC,6.5
Bring your sketch to life - learn digital illustration,3.5
Design Tickets and Vouchers in Photoshop and Illustrator,2.5
Master Adobe Photoshop Lightroom CC - From Beginner to Advan,8.0
Digital Painting for Cartoon Characters,4.0
How to create flat design icons in 15 minutes in Illustrator,4.5
Adobe Illustrator CC for beginners,8.0
Adobe Illustrator: Learn Easy Logo Design.,3.5
Become a Professional Logo Designer,8.0
Mastering Photoshop Elements 13 Made Easy Training Tutorial,10.5
"Become a Graphic Designer, and earn a living from it",3.0
Logo Design for Everybody,5.5
Pixelmator - Create Vector Graphics From Scratch,3.0
Expert Guide : Mastering Shapes Creation with Illustrator,5.0
Complete Digital Painting Training with Corel Painter,3.5
How to Design Simple Promotional Materials in Photoshop,2.5
Learn Blender 3D - The materials and texture course,12.5
Learn to Design a Logo in Adobe Illustrator,4.5
Photoshop In-Depth: Master all of Photoshop's Tools Easily,4.5
誰でもわかる Adobe Illustrator CS5,3.5
誰でもわかる Adobe Photoshop CS5,3.5
Letras en Adobe Illustrator,2.5
Nuke X: Aprende composición digital,2.5
สร้างงานกราฟฟิคแอพพลิเคชั่นมือถือด้วย Adobe Illustrator,9.5
７日でマスター  ビギナー向け Adobe Illustrator　どきどきセミナー,5.5
Intro to Illustrator,7.0
画像加工の初心者だとしても、１週間でホームページのトップ画像を製作できるようになる画像製作講座,4.0
Photoshop - Automatização com Adobe Script,8.5
دورة شامل لبرنامج إلستريتور للمبتدئين - Adobe illustrator CC,4.5
Corel Draw X8 Başlangıç Eğitimi (YENİ),6.5
8 Stunden professionelles Cinema 4D Training,8.5
Portrait Typography in Photoshop - Anyone can do Typography,2.5
Mastering Retouching and Restoration (15 projects Included),2.5
Photoshop Fantastic! - The Comprehensive Guide to Photoshop,6.0
Graphic Design: Double Your Sales With Canva,2.5
Adobe Illustrator Advanced Vector Artwork,7.5
Web Elements Design With Photoshop,5.0
Corel Draw x7,12.0
Adobe Photoshop CC - Fundamentos,7.5
Curso de Diseño e Ilustracion de Armas para Videojuegos,2.5
Illustrator CC 2016 Power Workshops (Deutsch),4.5
Curso Blender 3D  do Básico ao Avançado ,14.5
الدورة الشاملة illustrator from zero to hero,30.0
OpenCV Computer Vision Application Programming ,2.5
Mastering Photoshop Elements 15 Made Easy Training Tutorial,6.5
Learn to Draw Pretty Faces for Comic Books,5.0
The Business Graphic Design with Photoshop & Illustrator,17.0
Learn Professional Book-Cover Designing Photoshop 4 Beginner,3.0
Book Covers and Graphic Design with PowerPoint 2013/2016/365,4.0
Design Beautiful & Professional Ebooks Using FREE Software,4.0
Create Professional Character Designs in Photoshop,4.0
Getting Started with Illustrator CC,5.5
Create an Accelerated Learning Flowchart with Watercolors,2.5
How to Create Vector Characters in Illustrator or Photoshop,3.5
Make Logo design pay with illustrator in less than a day,4.0
Adobe Illustrator CC Beginner,4.0
Adobe photoshop The  Flying Land compositing,2.5
Photoshop: Real World Learning,5.0
Adobe Illustrator Fast Track,2.5
Adobe Photoshop CC for Photographers Advanced,2.5
Adobe Photoshop CC Introduction,4.5
Adobe Illustrator in Under 10: Fast info at your Fingertips!,3.5
T-Shirt Design Workshop 02: Mixed Media Design,2.5
Design a unique bookstore-quality Photo Book with Blurb,2.5
How to Draw Pinups and Sexy Women,20.0
Freelancing A-Z: How To Start A Successful Freelance Career,5.0
Character Concept Design for Beginners,16.5
Sketchbook Pro for Beginners,4.0
Photoshop CC 2017 Full Course,3.5
Mobile App Design in Photoshop from Scratch - UI & UX DESIGN,2.5
Typography: Learn the Foundation and Designs,2.5
Sketch 3 - New Guide To iOS 8 Mobile App Design (2015),5.5
How To Become An Etsy Wholesale Seller,2.5
iPhone icons gone awesome,3.5
Adobe After Effect: Create 15 Advance Motion Graphic Element,2.5
Adobe Photoshop CS6 para Iniciantes,7.0
PHOTOSHOP: Dessiner l'affiche du film Rogue One en style BD,4.5
Adobe InDesign CC 2017 Quick Start,2.5
Adobe InDesign CS6,5.0
Aprende Photoshop con Ejercicios Prácticos.,4.0
Toon Boom Studio Tutorial - Cartoon Animation Made Simple,5.0
Learn Logo Designing: 5 Types of Logo Designs in Illustrator,3.0
Practical Font Design,7.5
Smashing Photoshop CC/CS,5.0
Siemens NX Unigraphics (UG) Basic to Advance 3D Modelling,10.5
Typography From A to Z,6.0
Digital Asset Designer: Creating and Selling Mockups,3.0
Adobe Illustrator CC - From scratch ,5.5
Make Patterns in Illustrator,3.5
Photoshop isn't like what you imagine A to Z .,3.5
photoshop - CURSO DE PHOTOSHOP DO BÁSICO AO AVANÇADO,10.0
Photoshop - Revelando os segredos das Fusões,3.5
Create Mobile App Design from Scratch in Photoshop,2.5
Apple Watch Design,4.0
Photoshop Course: Design an eBook Cover in Photoshop,3.0
Digital Art for Beginners,15.0
Become a Professional Graphic Designer,20.5
Learn to Create a Mandala with Adobe Illustrator,4.5
15  Motion Graphic Elements in After Effect (Series 2),3.0
Fantasy map design,2.5
Learn Adobe InDesign from Scratch,4.5
Photoshop Tools 101,3.0
Bestseller! Learn Photoshop in 1 Hour (No Experience Needed),6.5
How To Design A Fortune 500 Logo in Illustrator,5.0
The Complete Figure Drawing Course HD,78.5
Mastering Logo Design - 20 Projects step-by-step,7.5
Master Manga Studio 5: Bonus Drawing and Painting,8.0
Learn Adobe Photoshop from scratch to professional,3.5
Photoshop CS 6 ile Fotoğraf İşlemenin Temelleri,6.0
誰でもわかる Adobe Illustrator CS6,3.0
Devenez le king de l'illustration automobile,4.5
Corel Draw X7 Eğitimi (Temelden İleri Seviyeye),12.0
Photoshop CC Eğitim Seti (YENİ),16.0
Creación de iconos con Illustrator,3.0
GraphicDesign Studio,2.5
How to draw Caricatures,4.0
Affinity Designer for beginners,4.5
Introduction to GIMP 2.8: Tutorials for Beginners,3.0
48 Logo Designs and Techniques,9.0
How To Sell Practically Anything: Professional Design Mockup,2.5
"Learn Calligraphy, Handwriting animation wz After Effects",2.5
LaTeX A-Z: from beginner to advance in less than 3 hour,3.0
Canva: Design and Sell Your Own Professional Canva Designs,3.0
Illustrator CC: Design and drawing from scratch to expert!,11.0
Logo design: How To Design an Awesome Logo in Illustrator,5.5
Photoshop: Real World Hands-on Freelance Mastery,2.5
Most Wanted Flat Design Techniques,4.5
3DS MAX - Learn 3Ds MAX tutorial for Beginners in Urdu Hindi,4.5
Motion Graphic With After Effect From Scratch in 5 Hours,4.0
Making Killer Images in Photoshop that WOW Clients!,5.0
Learn Photo Manipulation - Build 3 projects,2.5
Creative Perspective Illustration with GIMP,6.5
iPhone icons in iOS7 - learn flat design,3.0
Como utilizar o Corel Draw por completo!,7.0
Photoshop　中級者、上級者がプロになるために最後に学ぶ「超絶技巧」テクニック,4.5
Corel Draw X7: Mão na Massa,4.0
Dibujo digital básico: cómo ilustrar en Photoshop,5.0
Adobe Illustrator CS6 باللغة العربية,8.0
Mestres do Photoshop,5.5
Crie seu Cartão de Visita no CorelDRAW X8,4.0
Curso de Maya 3D,4.0
Photoshop: Organización de eventos y decoración de fiestas,8.5
The Complete Motion Graphic Course,9.5
"Make Money With Photoshop: Logos, Business Cards & Brochures",5.0
Easy Steps To Become A Photoshop Expert,8.0
Intro to Adobe Illustrator,6.0
Adobe Illustrator CC - Print Design for Beginners,6.0
From Drawing to Illustration,6.0
Adobe Suite : Unleash your creativity & benefit from it !,9.5
Become a Logo Designer: Guide to Complimentary Logo Software,2.5
DIY Beautiful Social Graphics That Don't Require Photoshop,2.5
Design while you learn InDesign CC,2.5
Drawing Anime & Manga Style,8.0
Mind-Blowing Photoshop: Master Skills Season 1,3.0
Architectural Drawing For Creatives,24.0
Icon Design Masterclass: Learn Icon Design Principles,2.5
Canva Complete Course For Graphics Design | 20 Projects,2.5
The Complete Video Production Guide - Learn Top Video Tools,7.5
Pic Monkey for Beginners - Graphic Design and Photo Editing,3.0
Corel Painter 2016,8.0
Adobe Photoshop CC | The Essential Guide,4.5
Autodesk Inventor 2016 : Complete Guide ,7.5
Learn Jazz Piano Today,3.0
Blues Guitar Lessons - From Texas To Carolina,2.5
Mike G's Beginner Drum Course: Part 1,3.0
Blues Guitar Lessons - Volume 1 - Blues Shuffle Essentials,2.5
Beginner Guitar - 38 Easy Lessons You Needs to Get Started,3.0
Bass Guitar Lessons For Beginners,2.5
Learn to Play Euphonium: Beginner to Pro in Under Five Hours,7.0
Learn Oud 1 (No Prior Music Knowledge Required!),3.5
Cajon Step-by-Step: Beginner > Intermediate > Advanced,3.0
Learn to Play Trombone: Go From Beginner to Pro in No Time!,7.5
Play Piano To-day! - Beginner Piano Lessons For Busy People!,4.0
Learn to Play the Flute: Beginner to Pro in Under Five Hours,7.0
Learn to Play the Trumpet: Beginner to Pro Made the Easy Way,7.5
Learn to Play Clarinet: Beginner to Pro in Under Five Hours,6.0
Play By Ear #4: Play Song By Ear with 3 Chords Using Any Key,2.5
Worship Piano: From Beginner to Pro,3.0
Ultimate Blues Guitar Beginner Lessons,10.5
Blues School! A Course For Beginners in Blues Piano & Improv,3.0
31 Day Guitar Challenge,3.5
Learn to Play Saxophone: Beginner to Pro in Under Four Hours,5.0
Guitar Insanity Workout - Eatmystrings!,2.5
Playing Piano:  Play Chords and Popular Pieces Vol.I,3.0
Quick & Easy Piano Chords: Play more songs with more chords,2.5
Piano With Willie: Blues n' Boogie Vol. 2,2.5
Have Fun with Beginner Blues Piano,2.5
Guitar Lessons - Learning The Neck - Fretboard Mastery,6.0
Take your double bass drum technique to the next level,5.5
Slide Guitar- Slide Soloing Essentials,3.0
Learn 3 - All Time A R Rahman Hits on Carnatic Flute!,2.5
Beginner Guitar Lessons by Paul Gronow,3.5
Learn to Play French Horn: Beginner to Pro Made the Easy Way,8.0
150 Rock Guitar Licks You MUST Know,4.5
Didgeridoo - from zero to HERO! Part One - beginning,3.0
Learn Piano Scales: Play any song in any key! Like Pro's do,2.5
Piano Improvisation from Day One,3.0
Classical Guitar Essentials - The Basics Part 1,4.5
Play all major scales by ear - no notation required!,3.5
Free Beginner Electric Guitar Lessons,4.5
101 Awesome Rockabilly Guitar Licks,2.5
Your First Course on Piano,4.0
Cracking the Violin Code!,5.5
"Play The Piano By Ear | Master Class, Learn By Doing",2.5
Discover Classical Guitar Level 2   ,11.5
6 Must Know Tricks to Successful Solos,4.0
Learn the Violin - No Music Experience Necessary!,3.0
Your Second Course on Piano: Two Handed Playing,5.0
How to Design Your Own Guitar,5.0
Play Sonny Terry style on Harmonica and dazzle your friends!,5.5
Blues and Advanced Guitar Lessons,7.5
Learn basics of South Indian Carnatic Flute Step by Step ,4.0
Classical Guitar Essentials - The Basics Part 2,4.5
How to Play the Guitar: Your 30-Day Guide to Learn Guitar,6.0
Piano With Willie: Blues n' Boogie Vol. 1,2.5
Chugging - it don't mean a thing if it ain't got that swing!,2.5
Make Your Own Ukulele,4.5
"Beginner Violin 101: Care, Maintenance, and the Right Gear",4.0
Learn How To Play 25 Classic Hip Hop Songs,2.5
Introduction to Gypsy Jazz Guitar,2.5
Piano From Zero To Pro - Beginner Essentials To The Piano,3.5
Beginner Guitar Lessons: Learn To Play Guitar Today (WAVE 1),10.0
Gospel Piano Essentials,11.5
Beginner Guitar Lessons - Your Complete Foundation Course,18.5
Learn to Play the Oboe: Beginner to Pro in Under Four Hours,5.0
Playing Piano By Ear: Complete Guide for Aspiring Musicians,4.5
Beginner Piano,4.0
101 Blues riffs - learn how the harmonica superstars do it,6.5
Learn To Play The Drums,8.5
Play Piano in 30 Days! - Start Playing NOW!,3.0
ブルースギター入門,3.5
Pianoforall - Incredible New Way To Learn Piano & Keyboard,30.0
The Professional Guitar Masterclass,9.5
Modern Rock Guitar Techniques,3.0
Complete Guitar System - Beginner to Advanced,34.0
Guitar Super System Level 1,5.0
How to play Piano - Go from a Beginner/Intermediate to a Pro,31.0
"LEARN HARMONICA, amaze your friends and have fun - it's easy",15.5
Ultimate Beginner Guitar Masterclass,11.5
Quicklessons Piano Course - Learn to Play Piano by Ear!,8.5
"Learn guitar the Right way! Complete 'KickStarter course""",9.0
How To Make Money With A Cover Band,3.5
Learn How to Improvise on Guitar in 30 Days,6.0
Getting Started with Playing Guitar,4.0
Harmonica Jamz: The Only Course on Jammin' with Friends,5.0
Electric Guitar for Beginners - RockStarter Level 1,2.5
Piano - Circle of 5ths to Play A Song in 12 Keys in 12 Days,2.5
Master Class Piano Techniques: Tips To EZ Coordinate 2 Hands,2.5
Learn to play the piano or keyboard from scratch,14.0
Acoustic Fingerstyle Guitar Course: Beginner to Advanced,4.0
Guitar Chord Mastery!Turn Your Brain Into A Chord Encyclopia,28.5
Learn Guitar: Zero to Guitar Fingerpicking in 30 days,2.5
Modern Country Guitar: Technique Booster,2.5
"Blues Guitar Lessons for Beginners: Chords, Rhythm and Lead",3.0
"How to play 'Electric Guitar"",https://www.udemy.com/electric-guitar-beginners-method/,true,50,1105,5,20,Beginner Level,2 hours,2016-12-29T00:24:06Z
42038,Learn Piano Today: How to Play Piano Course in Quick Lessons""",5.0
Play Piano by Ear Today! SuperCourse,5.5
Learn to Read & Write Music to play Piano & more instruments,10.5
The Complete Piano Course - Master The Piano,23.0
Piano for Singer/Songwriters | Write Songs and Perform Live!,3.0
Learn Guitar in 21 Days,2.5
The Professional Bass Masterclass,7.0
Piano Lessons for the R&B Fan,8.0
Guitar Lessons - Blind Blake - King Of Ragtime Blues Guitar,4.0
Awesome Lead Guitar 1,4.5
Advanced Euphonium Studies - Learn to Master the Euphonium!​,6.0
Trumpet Pro Series - You're going to love practicing Trumpet,6.0
A Guide to Analog Synths: For the modern EDM enthusiast.,3.5
Accelerate Your Guitar Learning With Metal Techniques,6.5
Just chords Piano: Learn to Play Piano Quickly - No Music,5.0
Play Ukulele Now,5.0
Acoustic Blues Guitar Lessons,12.5
Play Piano Today - Easy Festive Favorites & Piano Party Hits,4.0
The 80/20 Beginner Guitar Course,3.0
Drums for Beginners,3.0
Digital Pianist Course-Learn Piano & Keyboard Fast & Easy,3.0
Learn Flute FAST!,4.0
Guitar Lessons - Soloing With Arpeggios - Essential Guide ,5.0
Piano With Willie: Blues n' Boogie Vol. 3,2.5
Piano Lessons For Beginners: Learn Piano Quickly And Easily,3.0
The 80/20 Guitar: Write Music and Play Guitar in 30 Days,3.5
Bluegrass Guitar Essentials: Webisodes 5 & 6,3.0
Trombone Lessons For Beginners,3.0
Flute Pro Series - You're about to love practicing the flute,6.5
Trombone Pro Series - Fall in love with the Trombone,7.0
Learn How To Play 25 Classic Hip Hop Songs Ch.2,3.5
Fingerpicking for Guitar,3.0
"Music Theory, Guitar and Ear Training",3.0
"Piano Unbound. Piano learning method, a course for beginners",2.5
Advanced Trombone Studies - Learn to Master the Trombone!,8.0
"Euphonium Solos: Learn to Perform Three Fun, Unique Pieces!",2.5
Piano for Kids: Developing Your Child's Creative Abilities,4.0
Piano Lessons For The Hip Hop Fan,5.5
French Horn Solos: Learn how to Perform Three Fun Pieces!,3.0
Clarinet Lessons For Beginners,3.0
Piano Lessons For Beginners,4.0
Aprendiendo Piano: Tocando piezas populares Vol.I,3.5
Curso de Guitarra para Principiantes,3.0
Mundharmonika spielen - mein schönstes Hobby,2.5
Aprende el acordeón de oído y con técnica –Nivel Intermedio–,4.5
Aprende a tocar el acordeón de botones,3.5
Pedais de efeito para Contrabaixo,2.5
Aprende a tocar el violín desde cero,2.5
Aprende a tocar el teclado como los expertos,2.5
Aprende a tocar el saxofón como siempre has querido,3.5
Aprende a tocar flauta transversal sin complicaciones,3.0
"Aprende a tocar percusiones: congas, bongós, maracas y más",3.5
Aprende a tocar la guitarra acústica como un profesional,3.0
"Learn to Play Tarrega, Bach, and Sor on Classical Guitar",4.0
Arpeggios for Guitar made Easy! Dominate the Fretboard,3.0
Learn to Play Percussion: Beginner to Pro made the Easy Way!,6.0
Modern Piano Lessons For Beginners,5.0
World Percussion: Complete Lessons for Everyone,4.0
Acoustic Blues Guitar Lessons,4.5
Play Guitar and Understand Music Quick & Easy in 28 Days!,9.5
Get Piano Skills TODAY!!! ,3.5
Learn the Violin - Scales and Fundamentals,3.0
Master Flute Playing: Intermediate Instruction Made Simple!,6.0
"Introduction to Guitar 'A Course for Beginners"",https://www.udemy.com/introduction-to-guitar/,true,25,163,11,56,Beginner Level,2.5 hours,2014-10-30T15:59:39Z
650804,Guitar  Master Class Learning How to Play Guitar from A to Z""",4.0
Gibson's Learn & Master Guitar,38.0
Master the Trombone: Intermediate Instruction Made Simple!,9.0
Guitar Lessons - 50 Essential Fast Legato Licks,3.0
Curso de Violão Popular,6.0
"Aprende a tocar el Acordeón 'de oído y con técnica"",https://www.udemy.com/aprende-a-tocar-el-acordeon-de-oido-y-con-tecnica/,true,25,93,21,34,Beginner Level,4 hours,2014-09-16T19:51:45Z
263432,Aprende los Secretos de la Armónica con HARP&SOUL""",2.5
Guitarra Desde Cero - PARTE 1,7.0
Super-Curso de Guitarra Práctico Para Principiantes,10.5
Learn 10 Scottish Tunes Piano Easy Level,3.5
Piano With A Pro,2.5
Piano Lessons for Beginners: Play the Piano AND Read Music!,4.0
Master the Tuba - Intermediate Instruction Made Simple!,8.5
The Fun and Effective Piano Course,3.5
Advanced Flute Studies - Learn to Master the Flute!​,5.0
Alternate Picking Speed & Accuracy,3.5
"Master the Euphonium with Simple, Intermediate Instruction!",8.0
Master the Clarinet: Intermediate Instruction Made Simple!,7.0
Advanced Clarinet Studies - Learn to Master the Clarinet!,4.5
Comment jouer du Pianoforte,3.0
Aprende a tocar blues en el piano y teclado,2.5
ABC DO VIOLÃO E GUITARRA,2.5
Aprende todos los secretos de la guitarra flamenca,3.5
こどもギターレッスン　リトルギタリストⅠ,3.0
Aprende cómo tocar el Bajo Sexto,3.0
Coach Guitar - Apprendre la GUITARE facile avec des COULEURS,3.5
Sistema Completo De Guitarra Rítmica Para Principiantes,6.0
Curso de batería online de Patricio Iglesias (Santa Sabina),4.0
"Learn Piano with Beyer, 15 Minutes Challenge",3.0
Blues Accelerator - 21 Days to Blues Guitar Mastery,7.0
Alto Saxophone Lessons For Beginners,3.0
Advanced Bassoon Studies - Learn to Master the Bassoon!​,6.5
Blues Guitar Lessons: Play Like the Greats - All Levels,2.5
Beginner Guitar Essentials,4.5
Advanced Tuba Studies - Become a Master of the Tuba!​,5.0
Hands On Guitar: Beyond Beginner,3.0
The Ultimate Method for Learning Modern Piano & Keyboards,2.5
Master the Bassoon - Intermediate Instruction Made Simple!,7.5
Oboe Pro Series - You're going to love practicing the Oboe,7.0
"Trumpet Solos: Learn how to Perform Three Fun, Unique Pieces",2.5
Traditional-Style Electric Blues Guitar For Beginners,3.0
Aprende a tocar el piano desde cero,4.0
Aprende a tocar el clarinete.  ,3.0
こどもギターレッスン　リトルギタリストⅡ,3.5
Aprende a tocar el contrabajo sin complicaciones,3.0
Aprende a tocar la guitarra eléctrica,5.5
Aprende a improvisar en la guitarra eléctrica,3.0
Guitarra Acústica en Siete Días,2.5
Step by Step Classical Guitar Course,4.5
Bassoon Pro Series - You're going to love practicing Bassoon,6.5
Acoustic Guitar Lessons For Beginners,3.0
Coach Guitar - Amazing New Way To Learn Guitar With Colors,3.5
30 Day Guitar Jump Start for Success,4.0
Learn to Play Bassoon: Beginner to Pro in Under Four Hours!,5.0
The 7 Day Guitar Method,2.5
Master Oboe Playing: Intermediate Instruction Made Simple!,5.5
Drum Set for Beginners,3.5
Blues Guitar Lessons - Blues Guitar - Robert Johnson,2.5
TAKE NOTE BEGINNER CLARINET!  –  Fun with Fundamental Skills,4.5
Learn to Play Irish Fiddle,5.5
Hands-On Guitar: The Beginner's Guide,4.0
Piano Lessons for Beginners Made Easy,3.0
Horn Pro Series - You're going to love playing French Horn,8.0
Saxophone Pro Series - You're going to love practicing Sax,5.5
Easy Piano for Kids - Complete Beginner Piano Course,5.5
Clarinet Pro Series - Fall in love with the Clarinet,6.0
Advanced Trumpet Studies - Learn to Master the Trumpet!​,4.0
Master the Saxophone: Intermediate Instruction Made Simple!,5.5
Back 2 The Basics,3.0
Play the Jews Harp - instant skills for non musicians.,2.5
Master Trumpet Playing: Intermediate Instruction Made Simple,7.0
"Play Leyenda, Canarios, and Bach on Classical Guitar",7.5
Piano With Willie: Basics of Improvisation,3.5
Euphonium Pro Series - Fall in love with the Euphonium,7.5
Pure Rock Guitar : Play Like the Gods of Rock!,4.5
Master the French Horn: Intermediate Instruction Made Simple,7.5
Classical Guitar Technique: 80/20,2.5
Total beginner to intermediate guitar - Learn to play by ear,3.0
Aprende a tocar Guitarra RAPIDO y FACIL con Guitarsimple,4.0
Leve a sua técnica de pedal duplo para um novo patamar,5.5
Aprende a Tocar Teclado - Piano,3.5
Easy Guitar Songwriting And Harmony,3.5
"Flute Solos: Learn how to Perform Three Fun, Unique Pieces",3.0
Painless Piano!,3.5
Beginning Flute Lessons,2.5
Piano Lesson Variety,4.0
Pop and Jazz Keyboards and Harmony (beginner level),3.0
Learn the Viola - Scales and Fundamentals,2.5
Advanced Saxophone Studies - Learn to Master the Saxophone!,4.0
Flute Lessons For Beginners,2.5
Guitar Chords and Basic Strumming,2.5
Advanced Oboe Studies - Become a Master Oboist!​,4.0
Drum Lessons For Beginners,2.5
Piano With Willie: Jazz Kids - Vol 3,3.0
Advanced Horn Studies - Learn to Master the French Horn!​,7.0
Piano With Willie: Jazz Kids - Vol 4,3.5
Piano With Willie: Jazz Kids - Vol 2,3.0
The Music Coach Online Spirit Drum Course,5.5
Guitar 201: Breakthroughs,2.5
4 Week Rhythm Mastery,2.5
Beginners Guide to Playing Guitar - Step-by-step System,10.5
Flamenco Guitar,4.0
Piano With Willie: Jazz Kids - Vol 1,4.5
Curso de piano 101 - Tocando partituras y acordes -,4.5
Sintetizadores e Síntese Subtrativa,5.0
Spielend Klavier lernen mit Freude und Erfolg,4.0
Aprende escalas y arpegios Vol.2 : Modo menor,2.5
Trumpet Lessons For Beginners,2.5
Learn to play in the Key of G on any Bluegrass Instrument,2.5
Beginner Guitar Method,4.0
How to Play Dan Fogelberg Songs on Guitar,4.5
Jews Harp - Advanced course,3.5
Tenor Saxophone Lessons For Beginners,3.0
Mike G's Beginner Drum Course: Part 2,2.5
"Learn Guitar The Easy Way, It's Faster",4.5
Learn Oud 2,3.0
Acoustic Guitar After The Basics,2.5
Learn to Play the Tuba: Beginner to Pro in Under Five Hours!,6.0
Learn Basics of South Indian Carnatic Flute - Level 2,4.5
A Year's Worth of Piano Lessons in One Weekend,6.0
GUITAR #1: Beginner Basics and Beyond,3.0
Aprender a tocar la batería sin salir de casa,4.0
Aprende a tocar el bajo eléctrico ,3.5
Aprende todos los secretos de la salsa para piano,3.0
Aprende a tocar ritmos latinos en el teclado,3.5
Aprende a tocar la trompeta,3.0
Aprende a tocar Jazz y Ritmos Latinos en la guitarra,3.0
Aprende a tocar la flauta dulce de forma sencilla y gradual,3.0
"Aprende a tocar jazz, salsa y blues en el piano",3.0
Learn Web Designing & HTML5/CSS3 Essentials in 4-Hours,4.0
Learning Dynamic Website Design - PHP MySQL and JavaScript,12.5
ChatBots: Messenger ChatBot with API.AI and Node.JS,4.5
Projects in HTML5,15.5
Programming Foundations: HTML5 + CSS3 for Entrepreneurs 2015,5.5
How To Make A Wordpress Website 2017 | Divi Theme Tutorial,4.0
Build Your Own Backend REST API using Django REST Framework,5.5
Angular and Firebase - Build a Web App with Typescript,5.0
Web Development Masterclass - Complete Certificate Course,19.5
Spring Boot Tutorial For Beginners,5.5
The Complete Bootstrap Masterclass Course - Build 4 Projects,7.0
Scaling Docker on AWS,6.0
HTML Tutorial: HTML & CSS for Beginners,4.0
Learn by Doing: Vue JS 2.0 the Right Way,3.5
Learn Complete Web Development From Scratch,12.0
Introduction to Web Development: HTML,3.0
How To Make A Wordpress Website 2017 - Divi Theme Tutorial,3.0
Web Programming with Python,4.0
PHP Login and Registration System - Email Confirm Activation,5.0
PSD to Responsive HTML5: Beginner to Advanced,6.0
Ultimate Web Developer Course Build 10 Websites from Scratch,32.5
Build Enterprise Applications with Angular 2 (and Angular 4),9.5
Angular 4 (2+) Crash Course for Beginners,9.0
Accelerated JavaScript Training,7.5
"Beginner API development in Node, Express, ES6, & MongoDB",18.5
React JS and Redux - Mastering Web Apps,5.0
Web Development w/ Google’s Go (golang) Programming Language,19.0
Git a Web Developer Job: Mastering the Modern Workflow,15.0
The Complete WordPress Website Business Course,20.5
The Complete HTML and CSS Course For Beginners,3.0
Learn  Bootstrap Development By Building 10 Projects,13.5
Advanced Javascript,3.5
Dissecting Ruby on Rails 5 - Become a Professional Developer,37.5
The Complete Wordpress Course - Build Your Own Website Today,3.5
JQuery Essentials core training for Dynamic Interactive web,4.0
The Complete PHP Bootcamp Course With Video Sharing Project,14.5
Practical CSS Website Development: Crash Course ,2.5
Start Writing JavaScript Today - Beginner JavaScript Course,3.0
Step-by-step HTML and CSS for Absolute Beginners,4.0
Javascript ES6! A Complete Reference Guide to Javascript ES6,7.0
Reactive JS:  Are you ready for the next big paradigm shift?,5.5
Learn Python and Django: Payment Processing,3.5
"React.js: Building Production Ready Apps, Start to Finish",17.5
Javascript Intermediate level 2 - Mastering Functions,2.5
"Become a Full Stack Developer with Spring, AWS and Stripe",10.0
Learn JavaScript for Web Development,8.5
"Complete AJAX Using Bootstrap, PHP From Basic To Advanced.",2.5
Complete Wordpress Theme Development Course,6.5
How to Optimise Your WordPress Website's Speed & Security to Improve SEO & User Experience,3.5
Build A Web App With Spring Framework and Angular 2,8.0
Projects in Laravel: Learn Laravel Building 10 Projects,10.5
Javascript Intermediate level 3 - JSON,2.5
JavaScript DOM Dynamic Web interactive content Boot Camp,2.5
"Master JavaScript Programming, 3 Projects Included !!",10.5
Complete Codeigniter: From Beginner to Advanced,3.0
"Build Responsive Website Using HTML5, CSS3, JS And Bootstrap",8.0
Complete React JS web developer with ES6 - Build 10 projects,12.0
Complete WordPress Theme Developer Course With Bootstrap,25.0
The Complete Ethical Hacking Course 2.0: Python & Kali Linux,11.0
Dynamic JavaScript Master Class AJAX JSON Simple APIs,4.5
Vue JS - Mastering Web Apps,4.5
Angular NgRx Store Masterclass - Covers Angular 4,8.5
JavaScript the Basics - JavaScript for Beginners,9.0
"Complete E-Commerce Course - Java,Spring,Hibernate and MySQL",20.0
"Build a Responsive Website with HTML5, CSS3 and Bootstrap 4",7.0
Learn Web Designing & HTML5/CSS3 Essentials in 4-Hours,4.0
CSS Development (with CSS3!),5.0
Angular 2 & TypeScript Beginner Web Development,19.5
The Docker for DevOps course: From development to production,7.5
"Beginner Full Stack Web Development: HTML, CSS, React & Node",25.5
Learn Angular 2 Development By Building 12 Apps,12.0
"Server API Development in Swift, Kitura, & Bluemix",20.5
React VR - Creating Virtual Reality Apps,3.0
RxJs & Reactive Programming Angular Masterclass - Angular 4,7.5
"Coding for Entrepreneurs: Learn Python, Django, and More.",45.0
React and Flux Web Development for Beginners,11.0
The Full Stack Web Development,33.0
Learn Nodejs by building 12 projects,16.0
Joomla 3 - The Basics,3.0
jQuery in Action: Build 8 jQuery Projects,11.0
ASP.NET C# - Enterprise Web Systems From Novice to Expert,3.5
Wordpress - Create an Outstanding Website in 2 hours,2.5
Complete Website & CMS in PHP & MySQL From Scratch!,12.5
The Complete Web Development Tutorial Using React and Redux,4.0
Create and Deploy a Web App in 3 Hours,3.5
HTML & CSS From Scratch in 30 Days,11.5
Web Design for Web Developers: Build Beautiful Websites!,3.0
"Learn Rails: Quickly Code, Style and Launch 4 Web Apps",3.0
Byte-Sized-Chunks: Cascading Style Sheets (CSS) with HTML,4.0
The Complete HTML5 and CSS3 Course,15.0
HTML & CSS for beginners: Build 3 projects from scratch,4.0
Introduction to Bootstrap 3,2.5
Master ExpressJS to Build Web Apps with NodeJS&JavaScript,3.5
HTML5 CSS3 JQUERY Single Page Website Project from Scratch,2.5
Amazon s3 Mastery - THE How-To' Guides For Amazon S3,3.5
HTML and CSS Crash Course for Beginners,4.5
Introduction to Web Development,4.5
How to set up a Web Server From Scratch to One Fully Managed,3.0
The Complete PHP MySQL Professional Course with 5 Projects,19.5
Angular Masterclass,6.5
Become a Professional Web Developer | Version 3.0,60.0
Build Incredible Chatbots,11.5
Try Django 1.10 | Create a URL Shortening Service,5.5
Projects in CSS,10.0
Ruby on Rails: Training and Skills to Build Web Applications,7.0
Learn and Understand React,16.5
The Ultimate Web Developer How To Guide,22.5
"Build A Complete CRUD Application With PHP, MYSQL & JQUERY",13.5
Drupal Tutorial : Drupal 8 Beginner to Expert in 8 PROJECTS,7.0
The Complete PHP CodeIgniter Course: Beginner To Advanced,4.0
JavaScript For Beginners : Learn JavaScript From Scratch,5.5
"Mastering 'Native CSS Shapes To Build Modern Web Pages""",3.5
Javascript Intermediate level 1 - Mastering the DOM,3.0
Servlets and JSPs Tutorial: Learn Web Applications With Java,10.0
Projects in PHP and MySQL,23.0
PHP OOP: Object Oriented Programming for beginners + Project,18.0
React Redux React-Router: From Beginner to Paid Professional,6.5
Django Core | A Reference Guide to Core Django Concepts,18.5
"Angular 2 Complete E-Commerce App Course - Java,Spring,MySQL",20.5
"Build An Online Bank With Java, Angular 2, Spring and More",6.5
The Complete jQuery Course: From Beginner To Advanced!,6.0
Projects in AngularJS - Learn by building 10 Projects,14.5
The Ultimate Vue JS 2 Developers Course,13.0
React JS - Build real world JS apps & deploy on cloud,8.5
Angular 4 Front To Back,8.5
"Modern Web Development with SASS, Gulp, NPM & Web Workflows",5.0
"Angular 4 - Concepts, Code and Collective Wisdom",4.5
Learn E-Commerce Website in PHP & MySQL From Scratch!,17.5
HTML and HTML5 For Beginners 2016,3.0
A Very Complete Introduction To Laravel,6.0
"Learn to code, Become a Web Developer and Master JavaScript!",10.0
jQuery Essentials: Learn the Fundamental of jQuery,3.5
Expert Guide : Mastering Functions in JavaScript !,2.5
jQuery Fundamentals Powerful Bootcamp for beginners,3.0
The Complete HTML & CSS Course - From Novice To Professional,7.5
Bootstrap unleash the power faster & easier web development,5.5
JavaScript Design Patterns: 20 Patterns for Expert Code,3.5
Javascript from Beginner to Advanced Level,6.5
AJAX Development,3.0
PHP Security,2.5
The Bubble Course - Create Complete Web Apps without Coding,4.5
The Complete HTML5 & CSS3 Course Build Professional Websites,4.5
CSS Web Development Crash Course,2.5
Mastering DevOps,6.0
Create a Dynamic User Registration Form from scratch,3.0
A 13 Hour SQL Server 2014 /ASP.NET/CSS/C#/jQuery Course,14.0
Python for Beginners: Python Programming Language | Tutorial,5.0
Bootstrap 3 -> Profitable WordPress Theme Development!,3.5
Learn How to Manage & Customize  Web Sites By Drupal CMS,2.5
Using Modern JavaScript Today,16.5
Up and Running with jQuery,5.0
Learn How To Build A Professional Web Site By Using Joomla,4.0
Node Package Manager Course: Build and Publish NPM Modules,6.5
PHP with Laravel for beginners - Become a Master in Laravel,29.5
JavaScript 2017: Become Top Rated Web Developer,3.0
The Complete Web Developer Bootcamp - Beginner to Expert,21.5
Full-Stack Web Apps with Meteor and React,31.5
Angular 4: From Theory to Practice & FREE E-Book,15.5
The Complete Sass & SCSS Course: From Beginner to Advanced,4.0
Become a Certified Web Developer,12.0
Become a Web Developer from Scratch,27.5
Ultimate Angular 4 (previously Angular 2) with Bootstrap 4,5.5
The Ultimate Beginner's Guide to Django,9.0
React JS - Mastering Redux,5.0
Professional Ruby on Rails Developer with Rails 5,20.5
"Ruby on Rails 5 - BDD, RSpec and Capybara",14.5
Back to School Web Development and Programming Bundle,44.5
Complete ASP NET MVC Web Development - Newbie to Ninja!,9.0
The Complete DevOps Engineer Course 2.0 - Java & Kubernetes,14.0
All about NodeJS,15.5
How To Create A Wordpress Website 2016 | NEW Divi Theme 3.0!,5.5
The Complete jQuery Course - From Beginner to Professional!,22.5
Build a complete Fiverr clone with Node + Algolia + Paypal,9.0
The Ultimate Web Development Course,12.0
React From The Ground Up,12.5
Javascript for Beginners Learn by Doing Practical Exercises,3.5
8 Beautiful Ruby on Rails Apps in 30 Days & TDD - Immersive ,16.0
Wordpress Website Mastery 2017,2.5
How To Make an eCommerce Website With Wordpress 2017,4.5
Mastering ASP.NET MVC 5 From Scratch Using C#,13.0
Start Web Development with GIS Map in JavaScript,3.0
Learn to Build Websites using Twitter Bootstrap,2.5
Web Development Tools the Pros Use: Code Productivity Hacks,4.0
Learn HTML and CSS to make a Website,6.0
Angular 2 Crash Course with TypeScript,4.0
Professional Rails Code Along,19.0
Create a MEAN App by Example - Full Stack Course,3.5
The Original Complete Web Developer Course.,18.0
Angular 2 From The Ground Up,11.5
Complete Web Development Course + Building 5 Websites!,24.5
WP Plugin Development - Build your own plugin!,4.0
Build Flat Responsive Website from Scratch - Complete Course,7.5
"Essential JavaScript, jQuery and AngularJS Training",7.0
The Pro Ruby on Rails Starter,2.5
Unit Testing AngularJS: Build Bugfree Apps That Always Work!,2.5
"Thoughtful Web Development Course: HTML, Vue.js, PHP, MySQL",25.0
PHP & MySQL - Learn The Easy Way. Master PHP & MySQL Quickly,15.5
Learning Path: Magento: Master and Test Magento 2 with Ease,6.0
The Complete hapiJS Course - Go From Beginner To Advanced!,6.0
Ruby On Rails For Web Development,5.0
Create eye-catching WordPress website from scratch,4.5
Become A Web Developer And Seller - Build Websites With HTML,2.5
WordPress Tips and Tricks,2.5
HTML Tutorials : HTML Code for Website Creating,3.0
Complete HTML5 and CSS3 Course +1 Start to Finish Project,8.5
Web Development With HTML CSS BOOTSTRAP JQUERY for Beginners,5.0
HTML5 Specialist: Comprehensive HTML5 Training,5.0
CSS and CSS3 For Absolute Beginners,5.0
ReactJS and Flux: Learn By Building 10 Projects,11.0
How To Make A Business Website In 1 Day With Wix FAST & EASY,4.0
Learn JavaScript from scratch,2.5
WordPress for Beginners - Tutorial - From Novice to Know-How,4.0
RESTful API with Laravel,6.0
Learn Ruby on Rails for Absolute Beginners,4.5
JavaScript Tutorial,4.5
Shopping Cart Website from Scratch Ecommerce,4.0
Learn By Example: Angular JS,7.0
The Complete front end web developer Bootcamp - 14 projects,18.5
In Depth Web Development Made Easy,6.5
Build Your First Website in 1 Week with HTML5 and CSS3,3.0
"ASP.NET Core MVC, Quick and Practical",2.5
JavaScript Complete for beginners with real world Apps,3.5
Angular 2 Demystified,3.5
Ruby on Rails for Complete Beginners,4.0
Wordpress for Non-Technical People,4.5
ASP NET CORE - ANGULAR 2 E-Commerce App,13.0
Introductory JavaScript Made Easy Training Tutorial,11.0
Become a Heroku Rails Ninja: Expert Level Deployment Tools,8.5
Complete RESPONSIVE Website Design with HTML5 & CSS3,9.0
Pimcore Developer: Implement a Blog from a Bootstrap Theme,4.5
Inspirational Web Development - A Beginner Approach -,3.5
"Learn HTML, A practical guide from scratch to HTML 5",3.0
Ultimate WordPress Plugin Course,9.0
PHP for Beginners: How to Build an E-Commerce Store,14.5
"Build Realtime Apps | React Js, Golang & RethinkDB",3.0
"Master Electron: Desktop Apps using HTML, JavaScript & CSS",5.5
The Complete Web Developer Masterclass: Beginner To Advanced,51.0
How to Create A Website: An HTML Tutorial and CSS Tutorial,32.5
The Advanced Web Developer Course,10.5
Projects in MongoDB - Learn MongoDB Building Projects,12.0
Learning JavaScript Programming Tutorial. A Definitive Guide,9.5
"The Complete JavaScript, HTML and CSS Tutorial For Beginners",3.0
"Build Modern Responsive Website With HTML5, CSS3 & Bootstrap",13.0
The Complete JavaScript Course For Web Development Beginners,4.0
RESTful API with Laravel 5.4: Definitive Guide,12.5
Learn React : The World's Most Lucrative JavaScript Library,9.5
Try AngularJS: Beginner's Guide to Front End Web Development,4.5
Explore JavaScript Beginners Guide to Coding JavaScript,2.5
Learn HTML5 Programming From Scratch,10.5
Master ECMAScript 2015 (ES6),2.5
Learn to Setup Websites from Scratch,3.5
Create Fast RESTful APIs with Lumen and Homestead by Laravel,3.0
"Build Modern Websites Quick With HTML,CSS and Bootstrap",4.5
The Ultimate WordPress Boot Camp: Build 7 Websites,11.0
Master the Basics of HTML5 & CSS3: Beginner Web Development,3.0
Become A Full Stack Web Developer in 14 Days,13.5
Projects In ReactJS - The Complete React Learning Course,8.0
Step by Step Build Your Template by Bootstrap 4 from scratch,3.0
JavaScript Rockstar How to create Incredible Useful code,2.5
Spring Core DevOps on AWS,6.5
Learn how to convert PSD to HTML and CSS responsive,2.5
PHP User Login Registration Script With All Features,4.0
AJAX : Let's build a COOL project,3.5
Advanced WordPress Topics: Post Types Taxonomies & Metaboxes,7.5
The Complete TypeScript Programming Guide for Web Developers,4.0
JavaScript with BackboneJS and Bootstrap CSS - Advanced,3.5
Learn HTML Basics From Scratch,3.0
Byte-Sized-Chunks: Dynamic Prototypes in Javascript,3.0
Build Websites from Scratch with Squarespace,3.5
Introduction to web programming for GIS applications,13.5
Java Spring Security,2.5
ReactJS Course: Learn JavaScript Library Used by Facebook&IG,3.0
Sara Learns to Code.  Making an App from Scratch,4.0
Django by Example,9.0
Mastering TypeScript,3.0
The Complete Web Developer Masterclass: Beginner To Advanced,2.5
"Learn By Example: The Foundations of HTML, CSS & Javascript",13.0
Learn React JS from scratch,4.0
Web Security: Common Vulnerabilities And Their Mitigation,8.0
PHP for Beginners,6.0
Learn ASP.Net Web API 2 for Absolute Beginner,3.5
How to Make a Website Without Coding- WordPress & Web Skills,9.0
Learn WCF And Web APIs From Scratch,10.5
How To Build A Website From Scratch + Blogging Blueprint,3.5
Build Sign Up and Login Forms With Bootstrap Modal,4.0
"Build a Real Time web app in node.js , Angular.js, mongoDB",4.0
The Complete WordPress Development & Customization Course,12.5
PHP: Complete Registration and Login with Email Verification,2.5
JavaScript from Beginner to Expert,12.5
PHP Essential How to create build Amazing websites with PHP,3.5
HTML CSS JavaScript: Most popular ways to code HTML CSS JS,3.5
Bootstrap 3 Beginners: Create a Professional Landing Page,2.5
Introduction to Node.js for Beginners,6.0
Introduction to Coding with Ruby,3.5
Complete PHP and MySql Course: From Beginner to Professional,6.5
Angular JS Essentials,4.0
"Web Application Development using Redis, Express, and Socket",6.0
Learn ASP NET MVC 5 step by step,3.0
Tumult Hype Pro Basics: HTML5 Animations Made Easier,4.0
Ruby on Rails 4---A Test-Driven Approach,19.0
JavaScript from Beginner to Advanced,17.0
WordPress Theme Academy with Bootstrap,7.5
Building a eCommerce Startup in 4 Hours [Livestream],3.0
Responsive PHP Registration Form: From Scratch,4.0
Learn Bootstrap And Make Responsive Websites,3.5
Bootstrap Basics: Program Responsive Websites,3.0
"Create Complete Sign up System using PHP, jQuery and Ajax",3.0
Learn Complete WordPress for Building a Professional Sites,9.0
Devtools 2017: Beginner to Expert w/ Chrome Developer Tools,2.5
Bootstrap Essential Training - Create Your Very Own Website,9.0
Angular 2 Jump Start With Typescript,4.0
Learn Plugin Development in WordPress By Building  Projects,11.0
"Build Your Startup with No Coding (Design, Develop & Ship)",8.0
The Web Developers Guide: Learn HTML & CSS Fundamentals,7.0
Learn Drupal 8 - With a Live Project,3.5
Supreme NodeJS Course - For Beginners,3.5
Become a Bootstrap Expert: Build 20 Layouts!,17.5
PHP : Learn to upload files to Amazon S3 and use CloudFront,3.0
Projects in Django and Python,6.5
"Create, Update and Manage Your Own Website Using Drupal 7",7.0
Learn To Program JavaScript (in ten easy steps),5.5
The WpFASTER WordPress Speed Optimization Master Course,7.0
How to Build Your Own Website with WordPress: A Step-by-Step Guide ,6.0
Build Apps with ReactJS: The Complete Course,5.5
Create a Responsive Website with Bootstrap 3,3.0
Lerning PHP by building website,8.0
CSSCasts; CSS libraries Plugins Tips & Tricks for Developers,44.5
Complete Guide to Front-End Web Development and Design,16.5
"Build Ajax Web Apps with Laravel 5.2, Bootstrap and jQuery",5.0
Javascript for Beginners,3.0
Regular Expressions for Beginners - Universal,3.0
Learn Redis from Scratch,3.0
Create a business website with WordPress,4.0
Mastering CSS,5.0
How to Create a Wordpress Website from Scratch - No Coding,3.0
Learn PHP CodeIgniter Framework with AJAX and Bootstrap,2.5
The Complete Guide to JavaScript Development,14.0
Basic HTML CSS and Web Design,9.0
Build Professional WordPress Website,3.5
Code & Grow Rich:  Earn More As An Entrepreneur Or Developer,57.0
Learn by Example : ReactJS,7.5
React.js Quickly: Developing Scalable Web User Interfaces,4.0
JavaScript - Tricks and Workarounds,5.0
JavaScript for beginners with live examples,4.0
Bootstrap 3 Introduction : Create RESPONSIVE Websites Fast,2.5
Laravel(5.2) PHP Framework  Jump Start for beginners,3.0
Professional WordPress Theme Development For 2017,8.0
Learn Laravel PHP Framework Building Multi User SEO Blog APP,9.5
Javascript Specialist,8.0
Write PHP Like a Pro: Build a PHP MVC Framework From Scratch,3.0
"Laravel, the complete guide with real world projects",14.0
HTML CSS: Essential steps to learn HTML CSS,2.5
Learn Html5 & CSS3 from scratch,2.5
Responsive Web Design: Made Easy,6.5
Parse Server: From Front End to Full Stack,6.0
Codeigniter: How to use Codeigniter that drives knowledge,3.0
jQuery for Beginners - Create Website Animations Easily,3.0
Web Development with BootStrap - 16 Instant Themes Included!,3.5
Coding for Entrepreneurs Basic,3.5
The CSS and CSS3 Crash Course,13.0
Build a Business or Personal Website Using Wordpress,4.5
Learn By Example: PHP For Dynamic Websites,13.0
Learn ReactJS: Code Like A Facebook Developer,5.0
Learn to Build Web Apps using D3JS,3.5
Joomla for Beginners - Learn how to build a website with CMS,3.5
Learning Drupal 8,9.5
Mastering JavaScript,4.0
PHP Development with the Laravel Framework,3.5
WordPress Development - Themes and Plugins Complete Guide,5.5
Basic JavaScript: Build 4 Basic JavaScript Projects,4.5
HTML and CSS for Beginning Web Developers,9.0
Popular JavaScript Framework:Learn The Language Of Angular 2,11.0
The Ultimate Guide to the Best WordPress Plugins Part 1,10.5
The Complete Wordpress Plugin Development Course - 8 Plugins,2.5
You can create Incredible Websites with HTML CSS learn how,2.5
The Sass Course! Learn Sass for Real-World Websites,3.5
Master Angular 4 by Example - Build 7 Awesome Apps!,8.0
Create A Custom Responsive WordPress Website For A Client,4.5
Mastering HTML5 Programming - The Easier Way,7.0
Spring Framework 4 (Java Enterprise JEE) with AngularJS,13.5
Build A Weather App With Ajax Using Open Weather Map API,4.0
Learn and Earn with HTML & CSS,4.0
Get started Creating Websites Everything you need provided,3.0
Modern Web Development with Laravel 5.2 (PHP Framework),12.0
Programming for Entrepreneurs - JavaScript,2.5
Complete AJAX Course: Learn AJAX Techniques Using Bootstrap,3.5
Learn jQuery by Example Course,5.0
Wordpress Theme Development for Beginners,8.0
So you think you know JavaScript?,6.0
Learn Node.js by building Udemy: Stripe + MailChimp + Wistia,5.5
Learn jQuery: An In-depth Course For Beginners,4.5
JavaScript for Beginning Web Developers,4.5
JQuery Create Overlay Popups from scratch using Jquery,2.5
Vue JS 2: From Beginner to Professional,15.5
Ultimate AngularJS: Build a Real-World App from Scratch,5.5
The All-In-One Web Development Course,18.5
Code a Responsive Website Using HTML5 and CSS for Beginners,7.5
AngularJS for the Real World - Learn by creating a WebApp,7.0
Create a REAL Social Network like Facebook in PHP + MySQL,16.5
Advanced Node.js Development,3.0
ASP.NET MVC 5 Project - Facebook Clone,5.0
jQuery for Beginners,4.0
"Build A Web App with VueJS, Spring Framework and MongoDB",3.5
Zend Framework 2: Learn the PHP framework ZF2 from scratch,6.5
X theme for WordPress: Responsive web design without code!,7.0
How to Make a Wordpress Website 2017,3.0
CSS Specialist: Comprehensive CSS Training,6.0
Introduction to Laravel 4,2.5
Amazon Alexa Development: From Beginner to Intermediate,2.5
The Build a SAAS App with Flask Course,10.0
Building An E-Commerce Store Using Java Spring Framework,14.5
Typescript Masterclass & FREE E-Book,7.5
PHP MVC Framework CodeIgniter Tutorial for Beginners Project,10.5
JavaScript - Become Higly Paid Front End Developer,3.5
Django + AngularJS for a Powerful Web Application,5.5
WordPress Academy: Learn WordPress step by step,7.5
Web Development Essential Skills - Complete HTML and CSS,7.0
Laravel Account Activation Project,2.5
WordPress: Create an Amazing Website With Ease,2.5
Kali Linux Web App Testing,3.0
"Web Scraping with Python, Ruby & import. io",4.5
WordPress 2016 for Beginners : Build awesome websites!,4.0
Learn to make websites with Google's Material Design Lite,5.5
Joomla 3 : Develop a Professional Website in 3 Simple Steps!,5.0
Complete Python Web Course: Build 8 Python Web Apps,16.0
Web Design for Beginners: Real World Coding in HTML & CSS,9.0
Ethereum Developer: Build A Decentralised Blockchain App,3.5
The Complete Web Development Course -  Build 15 Projects,76.5
Angular 2 + Rails 5 Bootcamp,9.0
Javascript - From Beginner to Pro-Build real world JS apps,11.5
The complete JavaScript developer: MEAN stack zero-to-hero,11.5
Running a Web Development Business: The Complete Guide,19.5
Projects In JavaScript & JQuery,9.0
Learn To Build Beautiful HTML5 And CSS3 Websites In 1 Month,11.0
"Full stack Universal React with Redux, Node js and MongoDB",5.0
Be a Bootstrap Developer from scratch,3.5
Learn How To Become a Web Developer From Scratch,11.0
BDD with Ruby on Rails using RSpec 3 and Capybara,13.0
Learn By Example: jQuery,7.0
Professional Python Web Development Using Flask,14.5
Voiceover Audio Secrets - Your Way to Top Audio Quality,2.5
jQuery UI In Depth,10.5
Codeless Website Development with Adobe Muse,3.5
Learn Reactivex From Ground Up,5.0
Master WCF 4.0 From Scratch Using C#,7.0
Drupal 7 for Beginners,2.5
Java Web Services Part 2,3.0
Complete PHP Course With Bootstrap3 CMS System & Admin Panel,20.0
Learn To Create WordPress Themes By Building 10 Projects,16.5
The Complete NodeJS Course: Build a Full Business Rating App,12.5
Master the MEAN Stack - Learn By Example,4.5
First Web Application with Spring Boot,4.0
HTML5 and CSS3: Learn Web Design with HTML + CSS + Bootstrap,8.5
Backbone Tutorial: Learn Backbonejs from Scratch,5.5
AngularJS Custom Directives with Dan Wahlin,6.0
Angular 2+ with Typescript - Essential Training,3.0
Learn Angular 2 from Beginner to Advanced,10.0
Create an eCommerce Wordpress Website 2016 - New Divi Theme!,4.0
HTML5 and CSS3 : Landing Pages for Entrepreneurs 2016,4.0
Learning Docker and Kubernetes by Lab,5.0
Projects in ExpressJS - Learn ExpressJs building 10 projects,15.5
PHP For Beginners : Learn PHP From Scratch!,3.5
ASP.NET MVC 5 Project - CMS and Shopping Cart with Paypal,9.0
Professional RESTful API Design using Python Flask,4.5
HTML5 APIs For JavaScript - A Course For Web Developers ,5.0
Comprehensive JavaScript Programming,3.0
Try Django 1.9 | Build a Blog and Learn Python's #1 Library,20.0
Accelerated ES6 JavaScript Training,6.0
AWS Serverless APIs & Apps - A Complete Introduction,8.0
Python and Django Full Stack Web Developer Bootcamp,31.5
The Complete Elixir and Phoenix Bootcamp,14.5
Build a Real-world App with ASP.NET Core and Angular 2 (4+),10.5
REST APIs with Flask and Python,12.5
Angular 4 (formerly Angular 2) - The Complete Guide,22.0
Build Websites from Scratch with HTML & CSS,8.0
PHP for Beginners -Become a PHP Master - Project Included,30.5
The Professional Ruby on Rails Developer,17.0
The Complete Ruby on Rails Developer Course,31.5
Docker Technologies for DevOps and Developers,3.0
JavaScript programming: JavaScript for beginners,5.0
JSON in Action: Build JSON-Based Applications,3.5
Learn OAuth 2.0 - Get started as an API Security Expert,3.5
AngularJS For .Net Developers From Scratch,4.5
"Jekyll: make fast, secure static sites and blogs with Jekyll",2.5
HTML and CSS BootCamp for Beginners,6.5
Hosting Django: Amazon Web Services (AWS) Fundamentals,5.5
Angular Advanced MasterClass & FREE E-Book,6.5
Learn Responsive Web Development from Scratch,4.5
The Complete Developers Guide to MongoDB,13.5
Electron for Desktop Apps: The Complete Developer's Guide,8.0
Vue JS 2 - The Complete Guide (incl. Vue Router & Vuex),18.0
"React JS, Angular & Vue JS - Quickstart & Comparison",8.0
The Complete JavaScript Course: Build a Real-World Project,17.5
Angular (Angular 2 or 4) & NodeJS - The MEAN Stack Guide,8.5
Angular 2 with TypeScript for Beginners: The Pragmatic Guide,9.5
Meteor and React for Realtime Apps,9.0
The Web Developer Bootcamp,43.0
AngularJS JumpStart with Dan Wahlin,10.0
The Complete Web Developer Course 2.0,30.5
Ultimate Web Designer & Developer Course: Build 23 Projects!,32.5
Projects in Node.js - Learn by Example,5.0
Building Data Visualizations with D3 and Angular 2,3.5
Learn Object Oriented PHP By Building a Complete Website,4.5
Web Programming Course : Asp.Net MVC,3.5
Learn Spring Framework Practically - Hands On Recipies,5.5
One-stop Ruby on Rails: Build Web Applications from Scratch,18.5
Learn what's new in PHP 7,3.5
The Most Comprehensive Web Development Course,42.0
Learn and Understand AngularJS,7.0
JavaScript: Understanding the Weird Parts,11.5
Webpack 2: The Complete Developer's Guide,5.5
Build Responsive Real World Websites with HTML5 and CSS3,12.0
ES6 Javascript: The Complete Developer's Guide,6.5
Learn and Understand NodeJS,13.0
Understanding TypeScript,7.0
Advanced React and Redux,12.0
Modern React with Redux,26.5
Angular Styling & Animations (for Angular 2 and Angular 4),6.0
The Complete ASP.NET MVC 5 Course,7.5
GraphQL with React: The Complete Developers Guide,13.0
Bootstrap Tutorial - Essentials From Basic to Advanced,7.5
CSS Tutorial For Beginners: Style Your Wordpress Templates,3.5
HTML5 And CSS3 - Build Modern Responsive Websites,9.5
Web Development: Make A Website That Will Sell For Thousands,7.5
WordPress Basics to Business: Share and Sell your Expertise,3.5
JavaScript Fundamentals,5.0
Building a Website With Jekyll,3.0
Big Data and Apache Hadoop for Developers - Fundamentals,3.0
Learning Path: React: Make Stunning React Websites,6.5
Administering Microsoft SQL Server 2012 Databases - 70-462,5.5
Introduction to Frontend Web Development For  Beginners,4.5
PHP: Complete Login and Registration System with PHP & MYSQL,7.5
JavaScript Complete Guide to learning JavaScript,5.5
Advanced Scalable Python Web Development Using Flask,14.0
Cross-Platform Development with ASP.NET Core 1.0 MVC,5.5
Practical PHP: Master the Basics and Code Dynamic Websites,6.5
Sass Workflow,3.0
JavaScript for beginners - A Complete Guide,10.5
Learn to Build Web Apps using Laravel Framework,6.5
Learn SASS and improve your CSS,3.0
Angular Tutorial For Beginners,2.5
HTML and CSS for Absolute Beginners,3.0
"JavaScript, jQuery and Ajax",4.0
React: Learn ReactJS Fundamentals for Front-End Developers,4.0
The Complete HTML5 and CSS3 Course - with 8 Websites Design,7.5
Introduction to Modern Programming with PHP,16.0
Learn HTML & CSS: How To Start Your Web Development Career,4.5
React vs Angular vs Vue.js by Example,3.5
Create WordPress Plugins,2.5
Build your own Beautiful Blog in WordPress + SEO,3.0
Docker for Developers - Newest Version 1.12 with Swarm Mode,5.5
HTML and CSS for Beginners - Build a Website & Launch ONLINE,6.0
"Core: A Web App Reference Guide for Django, Python, and More",26.0
"JSON with Java APIs, jQuery and JSON REST Web Services",6.0
Bootstrap 4 Quick Start: Code Modern Responsive Websites,3.0
Learn Symfony 3 framework by practical examples,4.0
Django For Beginners,4.0
Introduction to QGIS Python Programming,3.5
Learning Object-Oriented JavaScript,3.0
Learn Bootstrap3 With Multi Purposes Single Page Layout,21.0
HTML for Beginners,2.5
How to Build WordPress Themes: A Web Designer's Guide,5.5
Python Web Programming,6.0
Build a Complete Registration and Login System using PHP MVC,5.0
React for visual learners,3.5
Master the Art of Web Design with HTML & CSS,3.0
Implementing a Data Warehouse with SQL Server 2012 ,5.0
Learning 200 jQuery Functions with 800 Examples,18.5
Create Complete Web Applications easily with APEX 5,7.0
Become a Certified Web Developer - Beginner to Expert,8.0
Complete Bootstrap 4 course - build 3 projects,5.0
All You Need To Know About AngularJS - Training On AngularJS,5.0
PSD To a Creative Landing Page Using Twitter Bootstrap 3,4.0
Ready for Production with Spring Boot Actuator,2.5
AngularJS For Beginners,3.0
Learning Path: Akka: Building Applications and Microservices,4.5
Mastering Meteor: Reactive Full Stack JavaScript,3.0
Introduction to Java Programming for Online Learners,22.0
Create full featured Landing Page in Ruby on Rails in 3 hour,3.0
How to create a  video blog with WordPress,4.5
Master EmberJS : Learn Ember JS From Scratch,6.5
Learn Top Ten PHP FrameWorks By Building Projects,17.5
Learning Path: Web Applications with Spring and Angular,4.0
Learn Ruby on Rails By Building Projects,13.0
Canvas image Creator HTML5 JavaScript project from Scratch,3.5
Javascript Essentials,8.5
Learn how to quickly build websites using Wordpress,3.5
Advance Unix : File Processing: AWK | SED | GREP | CUT | VIM,5.5
PHP Specialist (2017 Edition),3.5
Python Programming: Create an Digital Marketplace in Django,26.0
Mastering Thymeleaf with Spring,4.5
Learn Rails Programming in Less than 2 Hours,2.5
Learn JavaScript Dynamic Interactive Projects for Beginners,3.0
SAP - Learn SAPUI5 Professional Development,7.0
Wordpress Security,2.5
Learn HTML5 At Your Own Pace. Ideal for Beginners,7.0
Build an Amazon clone: Nodejs + MongoDB + Stripe Payment,8.5
Build Real World Websites from Scratch using HTML5 and CSS3,7.5
"Modern JavaScript: Building Real-World, Real-Time Apps",13.5
Core HTML How to get online quickly HTML to HTML5 ,3.5
Building Websites JavaScript and the DOM,3.0
Complete Login and Registration System in PHP and MYSQL,4.0
The Complete E-Commerce Web Developer Course 5.0,12.5
Advanced HTML5 Tutorial for Web Developers,7.5
Learn the Basics of Programming for Marketers,3.5
Css For Beginners,2.5
Build Web Apps Using EmberJS: The Complete Course,4.5
SharePoint 2013 Development using C# - Part I,8.5
Angular 2 Fundamentals for Web Developers,6.0
Ruby on Rails a Beginners Guide ,6.5
Mastering Basic CSS Selectors.,3.0
Comprehensive TypeScript,4.5
"Essential HTML, CSS & HTML5 Training",5.5
HTML 5 and CSS 3 - tricks and workarounds,5.5
"How to Register a Domain, Set Up Hosting, and Edit Web Pages",3.0
WordPress Plugins Treasure Chest,3.0
Practical Understanding of PHP and MySQL,5.5
Building a Social Network in PHP & MySQL From Scratch,14.0
Create a Powerful Website with the Cool Bootstrap Framework,4.0
HTML5 and CSS3 -Start building beautiful websites,2.5
Learn Laravel: Create Your Web App Step-By-Step,4.0
Learn JavaScript From Scratch:Become Top Rated Web Developer,5.0
"Installing Wordpress 4 - Installation, Registrars & Hosting",2.5
WordPress for Beginners 2017 + Google AdSense Implementation,6.5
HTML5 and CSS for Beginner To Expert,4.5
Become a Kick-Ass Web Developer: From Newbie to Pro,48.5
Django Tutorial: Build Your First App Fast & Free! ,2.5
Create a social network using PHP Mysqli HTML Css and JQuery,6.0
Web Building Starter Pack. Html Css and JQuery Animations,7.5
Learn OAuth 2.0 - Theory and Hands On,3.0
Learning CSS3 - A Comprehensive Tutorial For Web Developers,8.0
Professional WordPress Theme Development from Scratch,25.5
The Ultimate jQuery Course,2.5
Build an Advanced Single Page with Bootstrap & WordPress,6.0
Master all PHP ideas 2017 to build any project,3.0
Learn To Build Apps Using Play Framework,5.5
"WordPress Development With NodeJS, Gulp, Composer & More",4.0
Become PHP Facebook Developer: Password-Less Authentication,4.0
Ultimate guide to Social Media Web development integration ,2.5
Learn MeteorJS By Building 10 Real World Projects,15.0
AngularJS Masterclass - Deep Dive & Understand AngularJS,6.0
HTML5 for beginners,5.0
All in one HTML CSS and JQuery,3.0
Create a Responsive Business Website with WordPress,5.5
JavaScript Promises: Applications in ES6 and AngularJS,2.5
Learn to build 20 websites and build 14 iOS9 apps with swift,22.5
Customizr - Learn WordPress with the ultimate creative theme,5.0
WordPress for Beginners - Build Your First Website in 2017,7.0
Projects in Foundation Framework - Learn By Building 10 Apps,10.0
Drupal for Beginners,5.0
Foundations of Front-End Web Development,20.5
Angular 2 - Superheroic Framework,3.0
Social Network Web Development,8.0
Building Web Applications with Spring MVC,3.0
"HTML5, CSS3 & Bootstrap - How to Create a Responsive Website",3.5
HTML & CSS - Learn to build sleek websites ,3.5
Master Angular 2 - The No Nonsense Course,2.5
Master ASP . NET 4 from scratch,16.0
CoffeeScript: The Good Parts—Write Better javaScript,2.5
Mastering Magento,3.5
Your Own Site in 45 Min: The Complete Wordpress Course,4.0
Learn Knockout JS Framework from GroundUp,5.0
Master Riot: Learn Riot.js from Scratch,3.5
Learning Axure RP,4.5
"Complete guide to install Wordpress, PHP on Cloud,AWS or VPS",3.0
"Kids Coding -Introduction to HTML, CSS and JavaScript",7.0
Webpack 1 & 2 - The Complete Guide,6.5
Wordpress for beginners :Build Websites Fast without Coding ,5.0
ASP.Net MVC Quick Start,5.5
Build a Chatbot integrated Website using Bootstrap 4,3.0
PSD to Bootstrap 3 for Beginners using HTML & CSS,2.5
Build Advanced Responsive Websites with Foundation 6 & SASS,22.5
Build Complex Express Sites with Redis and Socket IO,3.5
Building a ASP.NET MVC 5 Membership Website,25.5
Drupal Views: Introduction to Enhancing Your Drupal Website,2.5
Bootstrap Bootcamp - Responsive web development- 8 projects,7.0
Learning Bootstrap 3 - Tutorial From Infinite Skills,3.0
"Learn animation using CSS3, Javascript and HTML5",2.5
The Complete JavaScript Bootcamp,5.0
Complete JavaScript Course for Beginners with Easy Examples,4.0
Angular 2 Master Class with Alejandro Rangel,9.5
Quick learning jQuery web development,3.0
Google Blogger Course,3.5
Mastering Modern Web Development Using React,2.5
The Essential Web Developer Course - Build 12 Websites,16.5
Build Powerful Websites & Blogs using WordPress - No Coding,3.0
Learn to Build Web Apps using UnderscoreJS : Code Like a Pro,3.5
Building Web Apps Using Flask and Neo4j,2.5
Learn Web Animation the Easy Way: An Intro to SVG and GSAP,3.0
Display and analyze GIS data on the web with Leaflet.js,12.5
Responsive Web Design with HTML5 and CSS3 - Introduction,8.0
Master Typescript : Learn Typescript from scratch,3.5
Angularjs-WebApi2-EFCodeFirst Web App On 3-Tier Architecture,6.5
Automate Web Development With Gulp JS,3.5
Bootstrap 4 Responsive Web Design and Development,7.5
Intro To HTML & CSS: Web Development For Beginners,4.0
Become Exceptional in HTML and HTML5,6.5
Become a Rockstar Web Developer - Learn By Coding,11.0
Spring 4 Mastercourse: Covers Annotation & XML Configuration,23.5
WordPress Plugin Development for 2017 - Build 14 Plugins,7.0
"Learn to Code in HTML5, CSS3, and JavaScript",2.5
Getting Started with Magento,3.5
Ruby on Rails Foundations,6.5
Learn Azure Cloud Step by Step,2.5
Learn Facebook Flux Architecture for Web Applications,6.5
Object Orientation in PHP,5.0
Build A YouTube Downloader With C# And GitHub,2.5
Querying Microsoft SQL Server 2012 - (Exam No. 70-461),6.5
HTTP Clients with Laravel: Use and Consume Services and APIs,3.5
Modern E-Commerce Store In php & mysqli With Bootstrap,66.5
Simple And Easy: Wordpress For Beginners,3.0
Advance JavaScript for Coders: Learn OOP in JavaScript,11.5
Web Development With Google Maps,8.5
jQuery UI Ultimate:Design Amazing Interfaces Using jQuery UI,12.5
Learning Path: The Road to Elasticsearch,5.0
HTML/CSS Bootcamp,10.0
JavaScript High Performance,4.5
Fundamentals of Angular 2 Full Stack Design,6.5
JavaScript and jQuery Basics: Start The Journey,5.0
"WordPress Development - Themes, Plugins & Single Page Apps",19.5
HTML5 Geolocation in Depth:Build 7 HTML5 Geolocation Apps,6.5
Building a Search Engine in PHP & MySQL,2.5
JavaScript from Scratch for Very Beginners,5.0
Learn Web Development by Creating a Social Network,6.5
Building Responsive Websites with Bootstrap 3 Framework,3.0
Create a Membership Site with Wishlist Member & Wordpress,2.5
17 Complete JavaScript   projects explained step by step,9.5
HTML and CSS: A Guide to Web Design,14.0
Drupal 8 Site Building,4.5
Learn Bootstrap 4 The Most Popular HTML5 CSS3 & JS Framework,10.0
The Extreme Web Development Course - For Beginners,5.5
Ultimate JavaScript Objects,2.5
The Complete Web Developer Course - Build 20 Websites,15.5
Learn HTML5 Canvas for beginners,3.5
Bootstrap 4 Beginners: Code a Responsive Landing Page,3.5
Build Wordpress CMS Clone with Laravel 5,8.5
