Product Name,List Price,Sale Price
Super Mario Bros Party Supplies - Balloon Bouquet,31.38,20.99
Buckle Down DC Comics Pet Dog or Cat Leash,19.99,14.99
Doco DCS005-10XL Double D-Ring Dog Neck Collar&#44; Olive Green - Extra Large,23.13,17.69
"CHOCOLATE CORDIAL CHERRIES QUEEN ANNE 5CT/3.3OZ BOX IN PDQ, Case Pack of 12",21.99,19.71
"Yosoo 32 Types 2018 World Cup Sticker National Flag Sticker Body Face Arm Temporary Waterproof Tattoo,Flag tattoo sticker, World cup sticker",7.49,4.99
Fish Tank Ornament Plastic Decoration Plant Suction Cup 4 Pcs,199.99,100.0
Enchanted Shimmer White Ruffles Rose Pink Birthstone Girls Headband New Born-Child,79.0,53.99
Letter U Football Green and Gold Compact Mirror CJ1069-USCM,14.0,11.59
Rayne Mirrors American Made Rayne Stitched Black Leather Blackboard/Chalkboard,636.35,471.27
Sigvaris Secure 553 Women's Closed Toe Thigh Highs w/Silicone Band - 30-40 mmHg,131.95,105.56
Gemstone Globe Bright Silver Keychain - Marine Blue Ocean,17.77,13.06
"Color Packing Tape, 2 Mil Thickness, 3 Inchs x 55 Yards, Black, 12 Rolls",31.95,27.16
Buckle Down Buckle-Down Pet Seatbelt Buckle Dog Collar,34.99,23.95
"Ishow 7A Brazilian Loose Wave Frontal Closure with Bundles 13x4 Ear to Ear Lace Frontal Closure with 3 Bundles, 12""14""16"" with 10""",224.18,118.82
Rayne Mirrors American Made Rayne Stitched Black Leather Blackboard/Chalkboard,794.6,588.49
LAMINATED POSTER Dog Imprint Dog German Shepherd Alsatian Dog's Paw Poster Print 24 x 36,16.99,15.29
"Stain Cleaner&nbsp;, MPN: LF09919U By Nasco",42.89,28.59
Eros ATT882930 Knit Headbands with Rhinestone Embellishment - Case of 120,478.63,354.44
Areo Home Wall Bubble Terrarium,81.99,36.96
Women's Breeze Walker,74.95,28.57
"Purity Home 100% Combed Compact Cotton Sheet Set,3 Piece Set, Bestselling TWIN SHEETS PERCALE Weave,Garment-Washed,Cool & Breathable, Smooth & Soft, Fitted Sheet Fits Up to 16"" Deep Pocket, KHAKI",42.68,37.05
Darby Home Co Wall Mounted Bulletin Board,749.0,375.99
NARS Night Series Eyeliner,29.54,27.33
"Buckle-Down ""Lucky Black White"" Martingale Dog Collar",29.99,24.99
Country Brook Petz | Candy Cane Christmas Martingale Dog Collar,13.95,11.99
Rayne Mirrors American Made Rayne Stitched Black Leather Blackboard/Chalkboard,576.87,427.21
"ITA-MED Elastic Duo-Adjustable Back Support Belt (9"" Wide)",63.1,48.46
Rayne Mirrors American Made Rayne Stitched Black Leather Blackboard/Chalkboard,647.51,479.54
"Yosoo 32 Types 2018 World Cup Sticker National Flag Sticker Body Face Arm Temporary Waterproof Tattoo,Flag tattoo sticker, World cup sticker",7.7,5.13
"Skilcraft Cubicle Magnetic Dry-Erase Board, 14""x11"", Aluminum/White 6222132",40.01,29.54
Carrera CA 8823 Eyeglasses 0R81 Matte Ruthenium,219.12,122.23
Doco DCS005-10XL Double D-Ring Dog Neck Collar&#44; Olive Green - Extra Large,26.57,16.76
The Wonder Years TV Show Original Hipster Paul Pfeiffer Adult T-Shirt Tee,37.49,17.99
Rayne Mirrors American Made Rayne Stitched Black Leather Blackboard/Chalkboard,718.07,531.8
"DDI 2184791 54"" X 108"" Rectangular Heavyweight Plastic Tablecloth - Purple Case of 72",263.01,194.72
Buckle Down Buckle-Down Pet Dog or Cat Leash,24.99,19.99
NARS Night Series Eyeliner,27.4,19.08
Rayne Mirrors American Made Rayne Stitched Black Leather Blackboard/Chalkboard,671.44,497.26
Rayne Mirrors American Made Rayne Stitched Black Leather Blackboard/Chalkboard,607.31,449.76
"L'Oreal Paris Colour Riche Lip Gloss, Soft Wine",6.99,4.7
"Ishow Hair 7A Brazilian Water Wave Virgin Hair 3 Bundles with Baby Hair with Closure Brazilian Virgin Hair, 20""20""20""with 18""",211.2,111.94
Raindrops Girls Baby Satin Christening Embroidered Girl Bib,23.75,15.99
"Persil ProClean Liquid Laundry Detergent, Original, 150 Fluid Ounces, 96 Loads",17.97,15.97
"Purity Home 100% Combed Compact Cotton Sheet Set,3 Piece Set, Bestselling TWIN SHEETS PERCALE Weave,Garment-Washed,Cool & Breathable, Smooth & Soft, Fitted Sheet Fits Up to 16"" Deep Pocket, KHAKI",66.14,42.0
"Dual Pencil Sharpener single pack, Dual Pencil Sharpener w/ removable cover for standard &amp; jumbo pencils &amp; crayons. By Staples",14.63,10.09
Boss (hub) Boss 0551 Eyeglasses 0INX 58 Black Ruthenium,246.4,139.89
"Ishow Malaysian Virgin Hair Straight 3Bundles Malaysian Human Hair, 20""20""20""",239.14,126.74
"Buckle-Down Pet Leash - Buffalo Plaid Black Green - 4 Feet Long - 1 2"" Wide",24.99,19.99
New Way 1120 - Crewneck Your Job Could Be Worse Toilet Paper Sweatshirt 4XL Light Pink,26.39,22.43
Women's Breeze Walker,74.95,59.96
Women's Breeze Walker,33.99,26.99
"Ishow 7A Brazilian Loose Wave Frontal Closure with Bundles 13x4 Ear to Ear Lace Frontal Closure with 3 Bundles, 12""14""16"" with 10""",259.06,137.3
Darby Home Co Wall Mounted Bulletin Board,683.0,309.99
"Secret Key Hider, Garden Key Hider Outdoor Cast Iron Small Key Holder Ladybug",17.98,14.29
17 Stories Modern Wall Mounted Bulletin Board,748.0,259.99
"Ishow 7A Brazilian Loose Wave Frontal Closure with Bundles 13x4 Ear to Ear Lace Frontal Closure with 3 Bundles, 12""14""16"" with 10""",193.66,102.64
"16 inches 40 inches ""MERRY CHRISTMAS"" Letter Foil Inflated Balloon Float Helium Aluminum Balloons for Christmas Decoration",37.49,24.99
Women's Breeze Walker,74.95,53.96
Buckle Down Buckle-Down Pet Seatbelt Buckle Dog Collar,34.99,28.94
"Attends Medium-Weight Dry Wipes, 50 count, (Pack of 20)",3.99,2.35
Rayne Mirrors American Made Rayne Stitched Black Leather Blackboard/Chalkboard,625.46,454.84
Bulk Buys PB997-72 Trick or Treat Round Party Plate Set - 72 Piece,56.92,42.06
Buckle Down Buckle-Down Pet Plastic Clip Dog Collar,24.99,19.99
Women's Breeze Walker,93.99,48.97
Rayne Mirrors American Made Rayne Stitched Black Leather Blackboard/Chalkboard,666.64,493.71
"MAC Gareth Pugh Collection Pigment, Deceit",44.0,24.99
30m 20mm Dia Insulated PE Heat Shrink Tube 2:1 Shrinkage Ratio Waterproof Black,60.99,28.14
Bone Shaped American Flag Screen Print Shirts White XXL - 18,17.37,13.66
"Yosoo 32 Types 2018 World Cup Sticker National Flag Sticker Body Face Arm Temporary Waterproof Tattoo,Flag tattoo sticker, World cup sticker",7.68,5.12
2Pcs 30mm Width 4mm Thickness EVA Single Side Sponge Foam Tape 3 Meters Length,21.99,10.96
CLINGY THINGIES CONFETTI LABELS,22.11,15.74
"ITA-MED Elastic Duo-Adjustable Back Support Belt (9"" Wide)",57.3,48.89
Darby Home Co Wall Mounted Bulletin Board,783.0,409.99
Women's Breeze Walker,97.99,25.73
"Ishow 7A Brazilian Loose Wave Frontal Closure with Bundles 13x4 Ear to Ear Lace Frontal Closure with 3 Bundles, 12""14""16"" with 10""",388.1,205.69
Buckle Down Marvel Comics Pet Dog or Cat Leash,29.99,24.99
Doco DCA201-18XL Puffy Air Mesh Step-In Harness Leash&#44; Raspberry Pink - Extra Large,34.37,26.34
"Box Partners Flat 3 MiLPolyBag,6x14,Clr,1K/CS - BXP PB764",128.48,109.21
Alno Inc Classic Traditional 24'' Grab Bar,225.95,183.96
Orange Crepe Streamer Case Pack 36,56.27,42.1
New Way 1120 - Crewneck Your Job Could Be Worse Toilet Paper Sweatshirt 4XL Light Pink,29.69,25.24
Gemstone Globe Bright Silver Keychain - Marine Blue Ocean,20.52,15.1
Ames Walker AW Style 16 Sheer Support 15-20mmHg Moderate Compression Knee Closed Toe Knee High Stockings - Relieves pain of tired aching legs-Helps prevent varicose veins,46.99,14.29
"Purity Home 100% Combed Compact Cotton Sheet Set,3 Piece Set, Bestselling TWIN SHEETS PERCALE Weave,Garment-Washed,Cool & Breathable, Smooth & Soft, Fitted Sheet Fits Up to 16"" Deep Pocket, KHAKI",33.0,29.7
"Efavormart Pack of 5 Premium 17"" x 17"" Washable Polyester Napkins Great for Wedding Party Restaurant Dinner Parties",3.3,2.06
Women's Breeze Walker,97.99,30.0
"Efavormart Pack of 5 Premium 17"" x 17"" Washable Polyester Napkins Great for Wedding Party Restaurant Dinner Parties",9.55,7.55
UBesGoo Large Dog Pet Crate Kennel Warm Bed Beds Mat Blanke For Pad House,19.99,13.59
Rayne Mirrors American Made Rayne Stitched Black Leather Blackboard/Chalkboard,551.5,408.42
Buckle-Down Flying Owls with Leaves Black Multi Color Martingale Dog Collar,34.99,29.99
Tuscom Vintage Resin Castle Aquarium Ornament Home Fish Tank Landscape Decoration New,15.1,12.99
Enchanted Shimmer White Ruffles Rose Pink Birthstone Girls Headband New Born-Child,73.0,49.99
Berry Plastics HR404822N PEC 12-16 gal 23 x 32 ft. 6 MicronCan Liner On A Roll&#44; Black,69.21,51.17
Boss (hub) Boss 0551 Eyeglasses 0INX 58 Black Ruthenium,260.0,103.97
"Persil ProClean Liquid Laundry Detergent, Original, 150 Fluid Ounces, 96 Loads",6.31,5.24
UBesGoo Large Dog Pet Crate Kennel Warm Bed Beds Mat Blanke For Pad House,19.99,12.59
Women's Breeze Walker,72.99,30.47
"Ishow 7A Brazilian Loose Wave Frontal Closure with Bundles 13x4 Ear to Ear Lace Frontal Closure with 3 Bundles, 12""14""16"" with 10""",339.71,180.05
Rayne Mirrors American Made Rayne Stitched Black Leather Blackboard/Chalkboard,847.48,619.3
Darby Home Co Wall Mounted Bulletin Board,565.0,191.99
"Welch Allyn Blood Pressure Cuff, Adult Long, Soft~Female Locking",242.15,179.27
Insurrection by Reyane 3.3 oz EDT for women,45.0,21.49
Country Brook Design Premium Puppy Picnic Ribbon Dog Collar,17.95,16.95
Rayne Mirrors American Made Rayne Stitched Black Leather Blackboard/Chalkboard,761.12,563.69
Tory Burch Absolu Roller Ball 0.2 oz / 6 ml Eau De Parfum,37.99,27.35
Country Brook Design Economy Nylon Dog Collars(Various sizes & colors available),8.95,6.95
"Ishow 7A Brazilian Loose Wave Frontal Closure with Bundles 13x4 Ear to Ear Lace Frontal Closure with 3 Bundles, 12""14""16"" with 10""",368.48,195.29
"Funky Jesters 36-40 Inch Hawaiian Assorted Leis, 55 Count",39.99,23.99
"Purity Home 100% Combed Compact Cotton Sheet Set,3 Piece Set, Bestselling TWIN SHEETS PERCALE Weave,Garment-Washed,Cool & Breathable, Smooth & Soft, Fitted Sheet Fits Up to 16"" Deep Pocket, KHAKI",37.23,32.4
"Buckle-Down Pet Leash - Buffalo Plaid Black Green - 4 Feet Long - 1 2"" Wide",19.99,14.99
"Ishow 7A Brazilian Loose Wave Frontal Closure with Bundles 13x4 Ear to Ear Lace Frontal Closure with 3 Bundles, 12""14""16"" with 10""",313.55,166.18
Rayne Mirrors American Made Rayne Stitched Black Leather Blackboard/Chalkboard,703.32,520.88
"ITA-MED Elastic Duo-Adjustable Back Support Belt (9"" Wide)",55.87,51.03
PowerStar--FRESH New 12V 5AH Battery for UB1250 D5741 Home Security Alarm,25.21,21.92
Panda Superstore PS-BEA11057981-SUE01437 4.13 x 2.56 in. Womens Plastic Beautiful Hair Clips&#44; Purple,38.69,31.64
Darby Home Co Wall Mounted Bulletin Board,600.0,226.99
Pull-Ups Girls' Learning Designs Training Pants (Choose Pant Size and Count),23.59,19.97
Darby Home Co Wall Mounted Bulletin Board,656.0,282.99
Alno Inc Classic Traditional 24'' Grab Bar,209.95,167.96
"Buckle-Down Pet Leash - Buffalo Plaid Black Green - 4 Feet Long - 1 2"" Wide",29.99,24.99
Buckle Down Marvel Comics Pet Dog or Cat Leash,24.99,19.99
Darby Home Co Wall Mounted Bulletin Board,550.0,176.99
Buckle-Down DL-W30921 I Heart Black Bacon Dog Leash,19.99,14.99
"Welch Allyn Blood Pressure Cuff, Adult Long, Soft~Female Locking",243.2,180.05
Rayne Mirrors American Made Rayne Stitched Black Leather Blackboard/Chalkboard,491.49,433.98
Women's Breeze Walker,34.99,32.49
Celebrations Replacement Bulbs White,4.59,3.9
Matt White Table Decorations Centerpieces Bull Decorative Table Centerpieces,76.98,60.99
Rayne Mirrors American Made Rayne Stitched Black Leather Blackboard/Chalkboard,462.49,409.98
Cottcuboaba Unisex Bear bathing Softe baby bath towel,9.15,6.1
Darby Home Co Wall Mounted Bulletin Board,580.0,206.99
Schnauzer Calendar 2019 - Schnauzer Dog Breed Calendar - Schnauzers Premium Wall Calendar 2018-2019,19.99,13.43
Sosoft 20 - 30 Knee High Brocade Closed Toe Compression Stocking Black&#44; XL,95.96,70.98
British Flag Heart Screen Print Shirt Baby Blue Sm - 10,17.37,13.66
Rayne Mirrors American Made Rayne Stitched Black Leather Blackboard/Chalkboard,770.69,570.78
Rayne Mirrors American Made Rayne Stitched Black Leather Blackboard/Chalkboard,500.08,370.33
Thumbprintz On My Own Large Rectangle Pet Bed,99.95,57.49
Rayne Mirrors American Made Rayne Stitched Black Leather Blackboard/Chalkboard,543.52,402.51
The Party Continues 50th Birthday Confetti - Party Supplies,7.98,3.74
Doco DCS005-10XL Double D-Ring Dog Neck Collar&#44; Olive Green - Extra Large,22.35,17.09
Buckle Down DC Comics Pet Dog or Cat Leash,24.99,19.99
Buckle Down Buckle-Down Pet Dog or Cat Leash,19.99,14.99
20mm Dia. Polyolefin 2:1 Heat Shrink Tube Sleeving Wrap Wire 3.7m Long,9.99,4.83
"Efavormart Pack of 5 Premium 17"" x 17"" Washable Polyester Napkins Great for Wedding Party Restaurant Dinner Parties",6.26,1.47
"Toiletry Travel Cosmetic Makeup Case Wash Organizer Storage Pouch, Blue Flower",9.99,4.99
Osram Sylvania 64415 10W 12V G4 base Halogen Halostar Light Bulb,2.99,2.27
Enchanted Shimmer White Ruffles Rose Pink Birthstone Girls Headband New Born-Child,67.0,45.99
"Efavormart Pack of 5 Premium 17"" x 17"" Washable Polyester Napkins Great for Wedding Party Restaurant Dinner Parties",7.58,2.06
Rayne Mirrors American Made Rayne Stitched Black Leather Blackboard/Chalkboard,641.14,474.82
Japonesque Pro Performance Lip Lacquer 5ml New in Box [Choose Your Shade],36.99,16.99
"Jetpik Water Cup Reservoir, Blue",19.99,13.88
17 Stories Modern Wall Mounted Bulletin Board,908.0,419.99
Seahorse Baby Bib & Burp Cloth BB7119STBU,22.0,17.97
Buckle-Down PC-W30348-NM Cameroon Flags Plastic Clip Collar,24.99,19.99
Women's Breeze Walker,32.99,24.99
"Cross Jot Zone Journal, Black/Slate, Medium (AC273-2M)",33.95,15.95
"Brown Kraft Rigid Stay-Flat Bending/Crush Proof Envelopes, 9.75"" x 12.25"" with Tear Tab-28pt, Self Seal Cardboard Mailers 200 Count",96.95,82.41
PetAlive Energy Tonic - All Natural Herbal Supplement Promotes Energy and Vitality in Cats and Dogs Including Older Pets - 60 Veggie Caps,43.95,35.96
Eros F01-TB217 Hologram & Printed Word Strip - 15 per Pack - Case of 48,151.75,112.31
ECO FRIENDLY 12pc AA Heavy Duty 0% MERCURY 0% LEAD 0% CADMIUM Battery LR6 E91,6.99,6.5
Buckle Down Buckle-Down Pet Seatbelt Buckle Dog Collar,29.99,24.94
Skull Crossbones Screen Print Soft Mesh Harness Pink Medium,26.97,19.84
"Efavormart Pack of 5 Premium 17"" x 17"" Washable Polyester Napkins Great for Wedding Party Restaurant Dinner Parties",6.06,3.79
Women's Breeze Walker,74.95,48.97
20 LEDs Touch Screen Folding Toilet Lighted Makeup Mirror,80.99,22.99
"Australian Gold SPF 30 Spray Sunscreen w/ Instant Bronzer, 6 OZ",9.99,6.8
10m Universal Car Door Edge Guards Trim Molding Protection Strip Scratch Protector,18.5,11.56
Corrugated Boxes SHP17176,89.01,75.66
Rayne Mirrors American Made Rayne Stitched Black Leather Blackboard/Chalkboard,309.99,289.98
New Way 1120 - Crewneck Your Job Could Be Worse Toilet Paper Sweatshirt 4XL Light Pink,25.29,21.5
The Maple Guild Organic Maple Sweetened Iced Tea - Peach Black Tea - Case of 12 - 16 fl oz,52.66,45.79
Pet Cat Puppy Hoodie Single Breasted Sleeved Apparel Coat Clothes Gray Size XL,26.99,13.03
Rayne Mirrors American Made Rayne Stitched Black Leather Blackboard/Chalkboard,573.68,424.85
3 Pack Beauty Makeup Sponge Blender by Zodaca Cosmetic Face Foundation Puff Flawless Coverage - Light Pink Bottle Shape,9.79,6.21
Color Reinforced Top Tab Legal File Folders&#44; Green,54.7,41.98
"Purity Home 100% Combed Compact Cotton Sheet Set,3 Piece Set, Bestselling TWIN SHEETS PERCALE Weave,Garment-Washed,Cool & Breathable, Smooth & Soft, Fitted Sheet Fits Up to 16"" Deep Pocket, KHAKI",36.0,31.99
Rayne Mirrors American Made Rayne Stitched Black Leather Blackboard/Chalkboard,569.04,421.41
BirdDog CC-50-RB4 13.12 ft. Brilliant Custom Cut 120V SMD-5050 LED Strip Plant Grow Light,93.46,69.13
Alno Inc Classic Traditional 24'' Grab Bar,229.95,187.96
17 Stories Modern Wall Mounted Bulletin Board,715.0,226.99
"L'Oreal Paris Colour Riche Lip Gloss, Soft Wine",6.99,5.97
"Digital electric heating pad, mini (19 x 7"")",75.0,63.5
Buckle-Down DL-W30921 I Heart Black Bacon Dog Leash,24.99,19.99
Buckle Down DC Comics Pet Dog or Cat Leash,29.99,24.99
"Ishow Hair 7A Brazilian Water Wave Virgin Hair 3 Bundles with Baby Hair with Closure Brazilian Virgin Hair, 20""20""20""with 18""",213.13,112.96
Women's Breeze Walker,69.95,52.46
Women's Breeze Walker,93.99,49.16
17 Stories Modern Wall Mounted Bulletin Board,988.0,499.99
Patch Magic Play to Win Bumper,49.99,46.99
Birthday Girl Rhinestone Shirt Red XS (8),18.16,14.25
Bulk Buys OF030-16 Compact Foldable Window Squeegee&#44; 16 Piece,48.14,35.46
Rayne Mirrors American Made Rayne Stitched Black Leather Blackboard/Chalkboard,479.34,354.97
Rayne Mirrors American Made Rayne Stitched Black Leather Blackboard/Chalkboard,279.99,259.98
Cincinnati Pet Hooded Crewneck Type - Small,32.49,24.99
Aarco Products 120D-48M-242-854 Combination Tackboard at Each End&#44; Buttercup - 4 x 8 ft.,493.09,354.25
Buckle-Down Martingale Dog Collar - Mohawk Skulls - NO Star,34.99,29.99
"Ishow Hair 7A Brazilian Water Wave Virgin Hair 3 Bundles with Baby Hair with Closure Brazilian Virgin Hair, 20""20""20""with 18""",237.11,125.67
Women's Breeze Walker,63.99,44.08
"Duck Tape Colored Duct Tape, 1.87"" x 15 Yards, Neon Yellow",7.04,5.0
17 Stories Modern Wall Mounted Bulletin Board,852.0,363.99
Skull Crossbones Screen Print Soft Mesh Harness Blue Medium,26.97,19.84
Kinsman Enterprises KNE 37001 27 in. Ergo Plus Reacher Basic Hip Kit,51.35,40.0
"American White Cross Tricot Adhesive Strips Bandages 3/4"" x 3"" 200-Ct",15.24,12.95
Rayne Mirrors American Made Rayne Stitched Black Leather Blackboard/Chalkboard,603.98,447.29
Boss (hub) Boss 0551 Eyeglasses 0INX 58 Black Ruthenium,272.8,158.11
"Red Plastic Party Tablecloth, 108 x 54in, 2ct",4.99,4.29
"Unique Pretzel Extra Dark Splits, 11 oz (Pack of 12)",44.31,35.92
Studded Dragon Hoodies Pink XXL - 18,22.61,17.29
Buckle-Down Flying Owls with Leaves Black Multi Color Martingale Dog Collar,29.99,24.99
Darby Home Co Wall Mounted Bulletin Board,813.0,439.99
20 LEDs Touch Screen Folding Toilet Lighted Makeup Mirror,83.99,23.99
Rayne Mirrors American Made Rayne Stitched Black Leather Blackboard/Chalkboard,694.16,514.09
Women's Breeze Walker,72.99,42.58
"Ivory Clean Aloe Body Wash, 12 oz",1.47,0.75
NARS Night Series Eyeliner,44.72,30.95
Women's Breeze Walker,74.95,51.84
"Pack of 16 ""Father Nature and Friends"" Santa Claus Fine Art Embossed Christmas Greeting Cards",34.99,30.79
"Ishow Malaysian Virgin Hair Straight 3Bundles Malaysian Human Hair, 20""20""20""",86.96,46.09
Women's Breeze Walker,74.95,52.47
17 Stories Modern Wall Mounted Bulletin Board,728.0,239.99
17 Stories Modern Wall Mounted Bulletin Board,945.0,449.99
Fantasy Fields Crackled Rose Kids Table,140.44,100.18
New Way 1120 - Crewneck Your Job Could Be Worse Toilet Paper Sweatshirt 4XL Light Pink,27.49,23.37
Women's Breeze Walker,89.99,35.32
"Pure Co USDA Organic Apple Cider Vinegar (Powder) with Black Pepper + Cayenne for Better Absorption & Metabolism Boost - Detox, Diet & Weight Loss ACV Supplement - 50 Servings: No Capsule Pills",24.95,14.97
"Buckle-Down ""Lucky Black White"" Martingale Dog Collar",34.99,29.99
Women's Breeze Walker,74.95,43.83
Buckle-Down PC-W30348-NM Cameroon Flags Plastic Clip Collar,29.99,24.99
Packagingsuppliesbymail Machine Pallet Wrap Stretch Film 30 In 5000 Ft 80 Ga (10 Rolls) Red Color,834.95,709.71
Rayne Mirrors American Made Rayne Stitched Black Leather Blackboard/Chalkboard,711.69,527.08
Pull-Ups Girls' Learning Designs Training Pants (Choose Pant Size and Count),23.25,19.97
Ironwood Modular 3'' H x 23'' W Desk Keyboard Platform,680.0,419.99
Eyebright 430 mg By Solaray - 100 Capsules,11.79,10.59
Rayne Mirrors American Made Rayne Stitched Black Leather Blackboard/Chalkboard,737.21,545.98
Buckle-Down Martingale Dog Collar - Mohawk Skulls - NO Star,29.99,24.99
Atkinsons 'Loto & Loto' Eau De Toilette 0.53oz/15ml Spray Atomizer New,31.99,11.99
Country Brook Design 3/4 Inch Christmas Wish Ribbon Leash - 4 Feet,16.95,14.95
UBesGoo Large Dog Pet Crate Kennel Warm Bed Beds Mat Blanke For Pad House,19.99,15.99
Unique Bargains Pet Dog Puppy Rose Lace Decor Princess Wedding Dress Skirt Gold Tone Size M,26.99,13.32
UBesGoo Large Dog Pet Crate Kennel Warm Bed Beds Mat Blanke For Pad House,19.99,11.59
Women's Breeze Walker,93.99,49.17
"ITA-MED Elastic Duo-Adjustable Back Support Belt (9"" Wide)",63.1,49.8
"5"" x 1000' x 55 Ga Down Gauge Narrow Banding Stretch Wrap Film, 120 Rolls + Plastic Handle",367.95,312.76
UBesGoo Large Dog Pet Crate Kennel Warm Bed Beds Mat Blanke For Pad House,19.99,10.59
Rayne Mirrors American Made Rayne Stitched Black Leather Blackboard/Chalkboard,524.89,387.26
"L'Oreal Paris Colour Riche Lip Gloss, Soft Wine",7.12,6.4
Buckle Down Buckle-Down Pet Plastic Clip Dog Collar,29.99,24.99
Buckle-Down DL-W30921 I Heart Black Bacon Dog Leash,29.99,24.99
Unique Bargains Kitchen Plastic Heat Resistant Instant Noodles Food Storage Sealed Bowl Pink,28.99,14.27
"Yosoo 32 Types 2018 World Cup Sticker National Flag Sticker Body Face Arm Temporary Waterproof Tattoo,Flag tattoo sticker, World cup sticker",7.76,5.17
Rayne Mirrors American Made Rayne Stitched Black Leather Blackboard/Chalkboard,597.74,442.67
Compression Anti - Embolism Stocking 18 Knee High Closed Toe Compression Stocking White&#44; Large,25.43,18.74
Mosunx Knit Dog Hoodie Sweater Pet Cat Puppy Coat Small Pet Dog Warm Costume Apparel,18.89,17.0
MightySkins Skin Decal Wrap Compatible with Lenovo Sticker Protective Cover 100's of Color Options,29.99,24.99
Folding Step Stool,13.99,10.99
4Legs4Pets by Mahar Pet Cot,43.67,32.25
"Jenny Lee Gourmet Apple Cinnamon Swirl Bread (1.3 lbs., 3 pk.)",68.38,61.54
18-3733 Prop Mounting Nut Kit,25.61,18.87
Unique Bargains 50mm Width 2mm Thickness Double-side Sealed Sponge Tape Black 16.4ft Length,55.99,26.98
"L'Oreal Paris Feria Multi-Faceted Shimmering Color, 100 Very Light Natural Blonde",8.97,7.99
"Three Things That Makes Good Coffee: Sugar, Sugar and More Sugar Wall Decal - wall decal, sticker, quotes and sayings - W5082 - Light pink, 35in x 18in",89.95,71.96
How to Do Everything with Microsoft Office PowerPoint 2003,28.0,16.58
"TuningPros DSV3-189-3 980mm 38.5"" 3.0mm Sunroof Moonroof Top Wind Deflector Visor For 1999-2010 Mazda B2500 B3000 B4000 Fix Windows in Dark Smoke 1 Pc Set",35.9,28.07
WM1-AK Mid Body Compression with Side Zippers-Above Knee&#44; Medium - Black,141.64,108.85
Superb Choice 65W TOSHIBA Satellite A135-S4499 Laptop AC Adapter,24.99,14.99
Japan's Cuisines - eBook,45.0,40.5
Support Plus Comfy Blink Sleep Mask - Contoured Light Blocking Eye Cover Promotes Eye Movement - Adjustable Strap,19.98,14.98
Laminated Poster Energy Bulbs Light Bulbs Poster Print 24 x 36,16.99,15.29
Complete Medical 113103 Casual Medical Legwear For Men&#44; 15-20mmhg&#44; Extra Large&#44; Black,67.32,42.43
Darby Home Co Wall Mounted Chalkboard,696.0,359.99
"World Finer Foods Reese Olives, 4.75 oz",57.99,46.93
Motorcycle voltage regulator rectifier,35.09,21.93
Medi Comfort Closed Toe Knee Highs -15-20 mmHg Reg,47.98,38.38
"Buckle-Down ""Steaks with MEAT Text"" Martingale Dog Collar",29.99,24.99
"L'Oreal Paris Feria Multi-Faceted Shimmering Color, 100 Very Light Natural Blonde",8.94,7.99
"Three Things That Makes Good Coffee: Sugar, Sugar and More Sugar Wall Decal - wall decal, sticker, quotes and sayings - W5082 - Light pink, 35in x 18in",39.95,31.96
Superior 1500 Series Brushed Microfiber Soft and Wrinkle Resistant Solid Duvet Cover Set,24.0,16.52
Framed Art For Your Wall Wedding Cake Party Cake Cupcake Birthday Cake 10x13 Frame,44.99,40.49
MightySkins Skin Decal Wrap Compatible with Apple Sticker Protective Cover 100's of Color Options,14.99,11.99
Medjugorje : What It Means to Me,21.95,20.34
Heart Leather Emerald Green 14,26.73,19.8
Remi Collection 24 Inch Towel Bar,198.0,143.99
DesignOvation Walcott Framed Magnetic Board Wall Organizer with Clip,41.98,36.98
4Legs4Pets by Mahar Pet Cot,46.66,34.46
Yorkie Refiillable Sticky Note Holder or Postit Note Dispenser,15.27,11.21
The Heartbreak Messenger,16.99,12.29
"Buckle-Down DL-W30350-N Narrow 0.5"" Cassette",19.99,14.99
Superb Choice 6-cell HP Pavilion dv2680ee Laptop Battery,34.99,20.98
Superior 1500 Series Brushed Microfiber Soft and Wrinkle Resistant Solid Duvet Cover Set,25.4,22.0
Nostalgic Warehouse Meadows Privacy Door Knob with Studio Plate,165.0,120.23
"BH Baby Decorative Nursery Pillow, 17.5"", Cat Beard",16.05,13.96
MightySkins Skin Decal Wrap Compatible with Apple Sticker Protective Cover 100's of Color Options,17.99,14.99
1st Birthday Flamingo - Party Like a Pineapple - First Birthday Party Centerpiece Sticks - Table Toppers - Set of 15,17.99,14.99
"Buckle-Down DL-W30481-N Narrow 0.5"" Double Swag Black White Red Stripe Dog Leash",19.99,14.99
"EXPO Low Odor Dry Erase Marker, Chisel Tip, Black, Dozen",11.94,10.59
Bikers Choice 67-0396 Armor Coat Longitudinally Wound Clutch Cable,66.99,56.23
"Vickerman 14"" Finial Drop Christmas Ornaments, Pack of 2",25.99,23.99
Darby Home Co Wall Mounted Chalkboard,546.0,209.99
"48"" Rect Resin Table & 6x14"" Chairs - Sand",216.0,183.03
Tom Ford Lip Color Sheer 0.07Oz/2g New In Box [Choose Your Shade],63.2,38.0
"Pterosaur Wall Decal - dinosaur wall decal, sticker, mural vinyl art home decor - 3765 - Orange, 47in x 24in",39.95,31.96
Remi Collection 24 Inch Towel Bar,198.0,155.99
Professional Stereo Zoom Microscope,778.73,598.92
"Buckle-Down ""Steaks with MEAT Text"" Martingale Dog Collar",34.99,29.99
Unique Bargains School Teacher Restaurant Eatery Dinner Order Hand Bell Handbell 9.6cm,28.99,14.4
MightySkins Skin Decal Wrap Compatible with Apple Sticker Protective Cover 100's of Color Options,23.99,19.99
Dark Age Cottage New,44.95,40.95
4Legs4Pets by Mahar Pet Cot,43.08,31.81
"Ti Amo Dressing Kit, Misty Grey",52.07,40.06
"Club Pack of 12 White Stay Put Disposable Plastic Picnic Party Table Covers 72""",92.99,74.99
Buckle Down Buckle-Down Pet Seatbelt Buckle Dog Collar,29.99,24.99
"Arrow Hart 5132 Standard Wall Plate, 1 Gang, 4-1/2 in L x 2-3/4 in W x 0.06 in T, Red 15 Pack",18.85,14.4
Auburn Leathercrafters Tuscany Leather Dog Collar,66.3,50.38
Darby Home Co Wall Mounted Chalkboard,683.0,346.99
"Halloween Bats Wall Decal - Wall Sticker, Vinyl Wall Art, Home Decor, Wall Mural - W5014 - Royal blue, 16in x 10in",29.95,23.96
Kale Chip-Kurts Clssc Om 1.5 Oz,75.69,65.82
"MightySkins Skin For OtterBox Commuter iPhone 8 Plus | Protective, Durable, and Unique Vinyl Decal wrap cover | Easy To Apply, Remove, and Change Styles | Made in the USA",8.99,6.99
"Unique Bargains Loose Curly Human Hair Extension 12""14""16"" 3 Bundles Remy Hair",144.79,129.95
Superb Choice 6-cell HP/Compaq 485041-002 HSTNN-LB79 ev06047 ev06055 hstnn-c51c Laptop Battery,34.99,20.48
"48"" Rect Resin Table & 6x14"" Chairs - Sand",276.0,222.15
"48"" Rect Resin Table & 6x14"" Chairs - Sand",216.0,182.54
"ClickNGo GEN 1.5 ATV Plow kit - 50"", Bombardier Outlander 650 2006 Black / Titanium Gray #KK00000148_2",558.97,503.07
"Clear Packing List Envelopes 7.5"" x 5.5"" Plain Face Top Side Load 9000 Pieces",379.95,322.96
2Pcs 30 x 19.5cm White Rectangle Audio Woofer Subwoofer Mesh Cover Grill for Car,42.99,21.09
Red Swiss Dot Paw Screen Print Shirt Grey Sm - 10,17.37,13.66
University of Michigan Nylon Adjustable Dog Collar,13.14,10.95
Superior 1500 Series Brushed Microfiber Soft and Wrinkle Resistant Solid Duvet Cover Set,24.89,19.69
FUNKO 11777PXAST WALKING DEAD S7 POP VINYL ASSORTMENT,60.28,47.41
Superior 1500 Series Brushed Microfiber Soft and Wrinkle Resistant Solid Duvet Cover Set,22.99,18.39
Compact Auto Gift Set,9.98,1.0
The Party Continues 60th Birthday Confetti - Party Supplies,7.98,3.74
Darby Home Co Wall Mounted Chalkboard,500.0,163.99
Outtop New Replacement Remote for ROKU 1/ 2/ 3/ 4 LT HD XD XS with 4 Shortcut Buttons,19.28,12.85
Battery for Plantronics 86180-01 (5-Pack) Battery for Plantronics 86180-01,271.99,135.95
"Bump Dots - White, Medium Rounded-Top Round Bump Dots",3.95,2.75
"Pterosaur Wall Decal - dinosaur wall decal, sticker, mural vinyl art home decor - 3765 - Orange, 47in x 24in",19.95,15.96
OEM Transfer Roll for T640,39.16,30.02
Superior 1500 Series Brushed Microfiber Soft and Wrinkle Resistant Solid Duvet Cover Set,26.99,11.57
Superior 1500 Series Brushed Microfiber Soft and Wrinkle Resistant Solid Duvet Cover Set,26.99,20.83
Superb Choice 90w COMPAQ Presario 2825TC Laptop AC Adapter,29.99,17.85
Jessie Steele Cameo Cosmetic Bag,19.99,12.99
Sunex SU97734 Jumbo Crowfoot Wrench 0.5 in. Driver 1.06,15.03,10.11
Snowflake Rhinestone Shirt Aqua M - 12,18.16,14.25
QMI 3'' Center Bar Pull,2.58,1.68
MightySkins Skin Decal Wrap Compatible with Apple Sticker Protective Cover 100's of Color Options,5.99,4.99
Aquarium Fish Tank Artificial Leaves Water Grass Plant Ornament Landscape Green,31.99,15.62
"Buckle-Down Seatbelt Buckle Dog Collar - Polar Bear Repeat Baby Blue - 1"" Wide - Fits 15-26"" Neck - Large",34.99,28.94
38cm Outer Diameter Faux Leather Car Steering Wheel Cover Protector Beige,26.99,13.39
Aurora Instuments 003844 Gauge Panel,348.95,279.16
Way To Celebrate Valentine Kiddie Card,2.48,0.1
Black Box Rackmount Fiber Panels 1U Loaded with 24 Single-Mode/Multimode Connectors JPM380A,502.86,389.12
"Pterosaur Wall Decal - dinosaur wall decal, sticker, mural vinyl art home decor - 3765 - Orange, 47in x 24in",29.95,23.96
Darby Home Co Wall Mounted Chalkboard,552.0,215.99
Buckle-Down Digital Camo Martingale Dog Collar,29.99,24.99
Christmas Presents Between Friends Chinese Crested Black Sticky Note Holder,15.13,11.11
Bulk Buys GB126-144 Confetti Rolls Set - 144 Piece,88.6,65.53
Remi Collection 24 Inch Towel Bar,170.1,115.9
Darby Home Co Wall Mounted Chalkboard,706.0,369.99
Ladies Routine West Virginia Mountaineers Long Sleeve Raglan Shirt,29.95,27.95
Boston Radio : 1920 2010,17.39,15.22
Tom Ford Lip Color Sheer 0.07Oz/2g New In Box [Choose Your Shade],63.2,34.99
"Skin For Apple iPhone 7 Plus â€“ Stained Glass Window | MightySkins Protective, Durable, and Unique Vinyl Decal wrap cover | Easy To Apply, Remove, and Change Styles | Made in the USA",8.99,6.99
4Legs4Pets by Mahar Pet Cot,45.41,31.91
Professional Nail Art Scraper Stamping Plate Double Ended Stamper Image Tool Set US,8.24,5.49
4 ft. x 10 ft. Style C Combination Unit - Porcelain Magnetic Whiteboard and Vinyl Fabric Tackboard - Ocean,581.19,446.97
Superior 1500 Series Brushed Microfiber Soft and Wrinkle Resistant Solid Duvet Cover Set,29.38,25.31
Heart Leather Emerald Green 14,33.33,25.64
Microfiber Car Cleaning Sponge Cloth Multifunctional Wash Washing Cleaner Cloths Yellow,5.42,5.09
Superb Choice 6-cell HP Mini 210-2292sf Laptop Battery,38.99,22.98
4Legs4Pets by Mahar Pet Cot,46.63,36.17
Darby Home Co Wall Mounted Chalkboard,796.0,459.99
MightySkins Skin Decal Wrap Compatible with Lenovo Sticker Protective Cover 100's of Color Options,23.99,19.99
Superior 1500 Series Brushed Microfiber Soft and Wrinkle Resistant Solid Duvet Cover Set,19.8,16.92
The Future of Sustainable Cities : Critical Reflections,44.95,31.81
"Hand Stretch Wrap, Narrow Banding Film, 5"" x 1000' x 55 Ga, 120 Rolls + Plastic Handle",275.95,234.56
"Halloween Bats Wall Decal - Wall Sticker, Vinyl Wall Art, Home Decor, Wall Mural - W5014 - Royal blue, 16in x 10in",19.95,15.96
4Legs4Pets by Mahar Pet Cot,54.34,38.42
4Legs4Pets by Mahar Pet Cot,68.43,48.86
Darby Home Co Wall Mounted Chalkboard,556.0,219.99
"Halloween Bats Wall Decal - Wall Sticker, Vinyl Wall Art, Home Decor, Wall Mural - W5014 - Royal blue, 16in x 10in",59.95,47.96
4Legs4Pets by Mahar Pet Cot,43.73,32.29
4Legs4Pets by Mahar Pet Cot,45.55,31.09
4Legs4Pets by Mahar Pet Cot,54.02,42.75
Darby Home Co Wall Mounted Chalkboard,806.0,469.99
"Three Things That Makes Good Coffee: Sugar, Sugar and More Sugar Wall Decal - wall decal, sticker, quotes and sayings - W5082 - Light pink, 35in x 18in",49.95,39.96
Rufus & Coco RCSFG4US Sensitive & Fabulous Grooming Pack,39.02,28.8
Buckle-Down DL-W30537 El Salvador Flag Black Dog Leash,24.99,19.99
Seachrome Lifestyle & Wellness Left Hand Zuma 38'' Grab Bar,160.0,135.99
Framed Art For Your Wall Spoon Cover Fork Tableware Silver Cutlery 10x13 Frame,44.99,40.49
"Buckle-Down Martingale Dog Collar - Splatter Black White - 1"" Wide - Fits 15-26"" Neck Size - Large",29.99,24.99
Etro Raving Perfumed Body Milk For Women 200ml/6.7oz,53.0,27.56
Superior 1500 Series Brushed Microfiber Soft and Wrinkle Resistant Solid Duvet Cover Set,34.15,28.73
Sports Parts Inc SM-01331 Starter,246.95,163.56
"Buckle-Down Martingale Dog Collar - Splatter Black White - 1"" Wide - Fits 15-26"" Neck Size - Large",34.99,29.99
Tom Ford Lip Color Sheer 0.07Oz/2g New In Box [Choose Your Shade],63.2,36.0
Superior 1500 Series Brushed Microfiber Soft and Wrinkle Resistant Solid Duvet Cover Set,27.62,19.39
Samsung Galaxy S8 Premium 10ft Long Gray Braided Type-C Cable J7K,14.99,10.09
"Halloween Bats Wall Decal - Wall Sticker, Vinyl Wall Art, Home Decor, Wall Mural - W5014 - Royal blue, 16in x 10in",49.95,39.96
Klay Thompson Golden State Warriors Fanatics Branded Backer Name & Number Long Sleeve T-Shirt - Royal,34.99,27.99
"Yaheetech 15.9"" Make-Up Bag Cosmetic Brush Case Storage Toiletry Organizer Artist Professional",26.99,17.99
"Unique Bargains 3/16""-24 Stainless Steel Dome Head Cap Acorn Hex Nuts Silver Tone 50Pcs",31.99,15.69
"Buckle-Down ""Skewed Squares Stacked"" Martingale Dog Collar",29.99,24.99
Christmas Presents Between Friends Chinese Crested Black Sticky Note Holder,15.28,11.65
Darby Home Co Wall Mounted Chalkboard,534.0,197.99
Remi Collection 24 Inch Towel Bar,170.1,125.9
Multicultural Family Cut Outs 8 .50 In Daddy,19.06,14.56
QMI 3'' Center Bar Pull,2.58,2.21
Superior 1500 Series Brushed Microfiber Soft and Wrinkle Resistant Solid Duvet Cover Set,32.0,30.31
Country Brook Design 1 Inch Southern Forest Camo Dog Leash - 6 Foot,12.95,10.95
MightySkins Skin Decal Wrap Compatible with Lenovo Sticker Protective Cover 100's of Color Options,17.99,14.99
4Legs4Pets by Mahar Pet Cot,51.87,38.32
HP Brochure Laser Paper Matte150 Sheet Brochure Paper,87.99,43.53
Philadelphia Phillies Majestic Special Move Long Sleeve T-Shirt - Gray/Red,39.99,31.99
Rear Drive Belt,30.55,23.4
harbor breeze mazon 44-inch bronze flush mount indoor ceiling fan with light kit and remote 3 blade,30.0,25.0
Ombar 10.8V Replacement Li-ion Battery For Toshiba Satellite PA3817U-1BRS L745 C655 L600 L675 L675D L700 L750 L750D L755 L755D M640 M645 P745 Laptop Batteries,39.99,17.99
PCT D12RBLD Food Container - Combo 250,76.41,56.5
"Heavy-Duty Foil Wrap, 18"" x 1000 ft",88.81,66.99
MightySkins Skin Decal Wrap Compatible with Apple Sticker Protective Cover 100's of Color Options,15.99,12.99
Superb Choice 9-cell HP Pavilion dv6-1010tx Laptop Battery,46.99,27.98
"48"" Rect Resin Table & 6x14"" Chairs - Sand",276.0,222.36
Home Vegetable Meat Fresh Vacuum Sealer Food Storage Bags Clear 30 x 40cm 20 Pcs,34.99,17.21
Darby Home Co Wall Mounted Chalkboard,791.0,454.99
"Pterosaur Wall Decal - dinosaur wall decal, sticker, mural vinyl art home decor - 3765 - Orange, 47in x 24in",59.95,47.96
Men's Silent Mime Costume,44.94,32.04
MLS-Vancouver Whitecaps-Women's Middle Logo Scarf Tee,12.5,10.98
"48"" Rect Resin Table & 6x14"" Chairs - Sand",276.0,222.29
Buckle-Down Seatbelt Buckle Dog Collar,34.99,28.94
Orange Color Stretch Wrap Narrow Banding 5 inch x 1000' x 80 Gauge 36 Rolls,162.95,138.51
"Buckle-Down ""Stripes Red Blue Green"" Dog Leash",19.99,14.99
4Legs4Pets by Mahar Pet Cot,45.06,33.28
Maxi Travel Button Hook,6.95,5.98
More Cool Justice,20.0,16.16
4Legs4Pets by Mahar Pet Cot,68.43,50.59
"COVERGIRL Outlast All-Day Moisturizing Lip Color, 560 Wild Berry",9.28,7.94
Darby Home Co Wall Mounted Chalkboard,656.0,319.99
Tom Ford Lip Color Sheer 0.07Oz/2g New In Box [Choose Your Shade],63.2,46.7
American River Ultra Choke-Free Mesh Dog Harness by Doggie Design - Black X-Small,25.22,19.3
Darby Home Co Wall Mounted Chalkboard,726.0,389.99
"Pterosaur Wall Decal - dinosaur wall decal, sticker, mural vinyl art home decor - 3765 - Orange, 47in x 24in",49.95,39.96
Country Brook Design Premium Sophie's First Love Dog Collar,17.95,13.95
Laptop AC Power Adapter Charger for HP Pavilion dv2035US,56.0,29.98
Anzzi Riposte 6-Bar Floor Mount Electric Towel Warmer - Polished Chrome,380.63,235.99
Cyber Security and Global Information Assurance : Threat Analysis and Response Solutions,195.0,157.05
Superb Choice 12V PANASONIC National EZ7200X Power Tool Battery,69.99,41.99
"Three Things That Makes Good Coffee: Sugar, Sugar and More Sugar Wall Decal - wall decal, sticker, quotes and sayings - W5082 - Light pink, 35in x 18in",19.95,15.96
4Legs4Pets by Mahar Pet Cot,59.38,47.5
Darby Home Co Wall Mounted Chalkboard,651.0,314.99
Nostalgic Warehouse Meadows Privacy Door Knob with Studio Plate,165.0,120.71
01303-TS 20 oz. Cotton 4-Ply Mop Head,14.0,10.67
Wesco Industrial 240103 Power Stacker Mount,1981.03,1516.23
BnoInc 20978 Philips Avent Nighttime Pacifier&#44; Pack of 2,16.75,12.31
25mmx22mm Furniture Kitchen Cabinet Drawer Door Zinc Alloy Pull Handle Knob 8pcs,24.99,12.09
Just Artifacts Gold Glitter Letter B,4.88,2.88
"Ultrasuede Slings, pack of 10",21.94,19.75
Kingfisher Lane Guest Chair in Black,231.0,102.81
30 Pcs M6 x 35mm Alloy Steel Hexagon Socket Drive Dog Point Grub Screw,24.99,12.27
"Three Things That Makes Good Coffee: Sugar, Sugar and More Sugar Wall Decal - wall decal, sticker, quotes and sayings - W5082 - Light pink, 35in x 18in",69.95,55.96
Coral Parchment Treat Bags,9.36,2.37
"National Geographic Maps: Trails Illustrated: Staunton, Shenandoah Mountain [george Washington and Jefferson National Forests] - Folded Map",11.94,11.34
Replacement Air Filter For White Rodgers ACM1000M 16x20x4 HVAC MERV 11 (2 Pack),67.99,37.99
4Legs4Pets by Mahar Pet Cot,68.82,50.88
Darby Home Co Wall Mounted Chalkboard,540.0,203.99
"Replacement Battery For Panasonic KX-TG2481B Cordless Phones - P504 (700mAh, 3.6v, NiMH)",28.99,14.29
Wire Harness Replacement for RBC7 APC SUA750XLI,41.99,11.99
Bruynzeel Design Coloured Pencil Set 12/Pkg-,37.28,25.85
4Legs4Pets by Mahar Pet Cot,44.97,33.21
VicTsing Chest Strap Vest Harness Soft Padded Ajustable and Convenient Sport Working Training Dogs for Outdoor Activities Random Color (Size S),17.99,10.99
4Legs4Pets by Mahar Pet Cot,64.85,47.94
VicTsing Chest Strap Vest Harness Soft Padded Ajustable and Convenient Sport Working Training Dogs for Outdoor Activities Random Color (Size S),18.99,10.99
"Buckle-Down ""Skewed Squares Stacked"" Martingale Dog Collar",34.99,29.99
For 1994-2001 Honda Accord 2.2L/Prelude AT Performance OE Style Full Aluminum Core Radiator 1494,66.99,53.88
"Halloween Bats Wall Decal - Wall Sticker, Vinyl Wall Art, Home Decor, Wall Mural - W5014 - Royal blue, 16in x 10in",39.95,31.96
4Legs4Pets by Mahar Pet Cot,64.65,46.22
Darby Home Co Wall Mounted Chalkboard,712.0,375.99
WESTGATE G4 Base Lamp 9 X Smd5050 2W 12V Circle Shape 3200K,15.28,11.65
Debco SL5775 Posh Junior Padfolio - Black - 12 Pack,165.59,110.14
Darby Home Co Wall Mounted Chalkboard,786.0,449.99
Superior 1500 Series Brushed Microfiber Soft and Wrinkle Resistant Solid Duvet Cover Set,26.92,24.77
"Club Pack of 12 Mardi Gras Themed ""Welcome"" Door Cover Party Decorations 5'",98.99,84.99
PERIODIC TABLE OF ELEMENTS CHART,6.86,4.57
POLKA DOT-PURPLE-MULTI2-L 4 ft. Dot Dog Leash&#44; Purple & Multi - Small,16.73,12.29
"Ness Enzymes, GI Relief #6 90 caps",18.0,16.84
Darby Home Co Wall Mounted Chalkboard,539.0,202.99
ECR4Kids 48in Cog Premium Thermo-Fused Adjustable Activity Table Grey/Blue/Blue - Standard Ball,260.0,229.99
Country Brook Design Premium Schnauzer Ribbon Dog Collar,17.95,16.95
"Buckle-Down DL-W30350-N Narrow 0.5"" Cassette",29.99,24.99
"Pack of 6 Chinese New Year Themed Asian Cascade Centerpiece Party Decorations 18""",63.99,45.89
"Three Things That Makes Good Coffee: Sugar, Sugar and More Sugar Wall Decal - wall decal, sticker, quotes and sayings - W5082 - Light pink, 35in x 18in",29.95,23.96
"Buckle-Down DL-W30350-N Narrow 0.5"" Cassette",24.99,19.99
Country Brook Design&reg; Purple Hawaiian Step-In Dog Harness,17.95,14.95
"BUSH'S BEST Refried Beans Traditional, 16.0 OZ",1.24,0.75
MRM - Kids Multi-Vitamin Liquid Orange Mango - 16 Fl oz.,23.31,16.32
"Buckle-Down ""Stripes Red Blue Green"" Dog Leash",24.99,19.99
"L'Oreal Paris Feria Multi-Faceted Shimmering Color, 100 Very Light Natural Blonde",8.79,7.99
Cavalier Spaniel St. Patricks Day Shamrock Mouse Pad&#44; Hot Pad Or Trivet,15.28,11.65
4Legs4Pets by Mahar Pet Cot,45.56,33.65
Buckle Down Buckle-Down Pet Dog or Cat Leash,29.99,24.99
"Ktaxon 2 Mil 48"" x 100' Lightproof Reflective Mylar Film Roll",47.38,29.99
Tom Ford Lip Color Sheer 0.07Oz/2g New In Box [Choose Your Shade],63.2,36.24
EndlessID EIDBANDWHITE Smart Medical ID Band - White,54.51,40.28
"Clear Blown Hand Stretch Wrap 12"" x 1500' x 90 Ga Industrial Shrink Film 4 Rolls",68.95,58.61
4Legs4Pets by Mahar Pet Cot,64.85,46.22
Complete Gasket Kit fits Ski-Doo Legend 600 SDI 2004 Snowmobile by Race-Driven,76.76,63.97
4Legs4Pets by Mahar Pet Cot,50.88,38.42
Darby Home Co Wall Mounted Chalkboard,716.0,379.99
Scunci No Slip Super Band&#44; Pack of 6,29.22,24.61
Buckle-Down DL-W30537 El Salvador Flag Black Dog Leash,19.99,14.99
"Keizer Aluminum Wheels Direct Mount 10x8"" Polished Wheel P/N DL1083BLBC",215.84,169.95
Puppy Apparel Clothes Clothing Dog Sweatshirt Pullover Coat Hoodie (Gift for Pet),12.79,10.99
Access Womens 15-20 mmHg Open Toe Knee High Compression Stockings&#44; Crispa - Large Long,38.97,28.77
Panda Superstore PS-SPO7702515011-SUSAN00280 Creative Multifunction Wash Bag Portable Travel Pouch Cosmetic Bag&#44; Dark Blue,30.63,23.46
"Vickerman 14"" Finial Drop Christmas Ornaments, Pack of 2",22.88,17.99
Seachrome Lifestyle & Wellness Left Hand Zuma 38'' Grab Bar,138.0,113.99
Buckle Down Buckle-Down Pet Seatbelt Buckle Dog Collar,34.99,29.99
Buckle-Down Digital Camo Martingale Dog Collar,34.99,29.99
100W Solar Panel 12V Mono Off Grid Battery Charger for Boat,149.95,102.95
Outtop 3.0 Stereo Wireless Headset/Headphones With Call Mic/Microphone,38.12,25.41
"HP Z2 Mini G3 Workstation Ultra Small Form Factor Premium Workstation Desktop PC (Intel Xeon E3 Quad-Core, 32GB RAM, 1TB HDD + 256GB PCIe SSD, NVIDIA Quadro M620, WiFi, Bluetooth, Win10 Pro)",3118.7,2518.95
"Abstract Heart Plant Wall Decal - Wall Sticker, Vinyl Wall Art, Home Decor, Wall Mural - S125 - 12in x 13in, Royal blue",39.95,31.96
"HP Z2 Mini G3 Workstation Ultra Small Form Factor Premium Workstation Desktop PC (Intel Xeon E3 Quad-Core, 32GB RAM, 1TB HDD + 256GB PCIe SSD, NVIDIA Quadro M620, WiFi, Bluetooth, Win10 Pro)",3248.7,2623.95
Eddie Bauer Women's Favorite Long-Sleeve Crewneck T-Shirt,35.0,21.0
Original Osram Projector Replacement Lamp for Sharp AN-PH50LP1,173.55,123.55
"HP Z2 Mini G3 Workstation Ultra Small Form Factor Premium Workstation Desktop PC (Intel Xeon E3 Quad-Core, 32GB RAM, 1TB HDD + 256GB PCIe SSD, NVIDIA Quadro M620, WiFi, Bluetooth, Win10 Pro)",1948.7,1573.95
Trevco Jla-Face Off Short Sleeve Toddler Tee&#44; Athletic Heather - Medium 3T,28.93,18.9
"Abstract Heart Plant Wall Decal - Wall Sticker, Vinyl Wall Art, Home Decor, Wall Mural - S125 - 12in x 13in, Royal blue",29.95,23.96
Lush NEW Red Womens Size Medium M Boho Printed Wide-Leg Pants,60.0,11.48
Ply Gem Raised Panel Shutter (Set of 2),86.63,68.99
Peel-n-Stick Poster of Home Florida For Sale Buy Sell American Mortgage Poster 24x16 Adhesive Sticker Poster Print,44.99,40.49
CafePress - Spider-Man Teacher - Women's Dark T-Shirt,27.99,17.98
Women with Control Controlways Top with Cut- Out A273771,69.0,34.98
031 - Unisex Long-Sleeve T-Shirt Disobey V For Vendetta Anonymous Fawkes Mask,17.59,14.95
La Caricia del Mar/Unidos Por el Mar = The Caress of the Sea/United by the Sea,7.99,6.71
Elegant Decor VF25MRGR 24 in. Mason Single Bathroom Mirrored Vanity Set - Grey,488.8,365.99
"Abstract Heart Plant Wall Decal - Wall Sticker, Vinyl Wall Art, Home Decor, Wall Mural - S125 - 12in x 13in, Royal blue",49.95,39.96
Arabesque Flower Circle Design Tee Women's -Image by Shutterstock,42.99,11.96
Women's Aerosoles Spin Cycle Ballet Flat,69.0,31.99
Eddie Bauer Women's Passenger Ponte 5-Pocket Pants,95.0,44.99
"Best Choice Products Mason Jars w/Labeling Stickers & Chalk, Set of 5",55.99,28.99
ML7-6 6V 7AH REPLACEMENT BATTERY FOR UPSONIC UPSSLIM 1000 + 6V CHARGER,39.99,22.99
Awkward Styles Unisex USA Flag Pitbull Graphic Sweatshirt Tops American Flag Pitbull Patriotic 4th of July,33.95,24.95
Wyndham WCS777760DGWARINTM24 Morano Double Sink Bathroom Vanity in Glossy White,2078.7,1598.9
"Hanes Alive Sheer to Waist Pantyhose, Style 811",9.99,7.75
Eddie Bauer Women's Favorite Long-Sleeve Crewneck T-Shirt,30.0,18.0
Global Portuguese,135.0,109.14
288' Commercial Grade Warm White LED Indoor/Outdoor Christmas Rope Lights on a Spool,439.99,355.99
PowerStarHD Replacement Battery For Aprilia SL 750 Shiver 2009-08,60.81,52.88
Sunsets Stained Glass Muse Bikini Top D-DD Cups,82.0,23.99
CafePress - Spider-Man Teacher - Women's Dark T-Shirt,24.99,14.98
"South Bend Red/White Push Button Float (Assortment, 10 Pack)",160.0,0.99
Ply Gem Raised Panel Shutter (Set of 2),66.63,48.99
"1.6 * 1M Photography Studio Non-woven Screen Photo Backdrop Background, Green",8.25,7.76
For 2007-2014 Chevy Silverado/GMC Sierra 6.5Ft Short Bed Aluminum Frame Hard Tri-Fold Tonneau Cover 08 09 10 11 12 13,399.99,378.88
"Vigo All-in-1 23"" Undermount Stainless Steel Kitchen Sink and Faucet Set",675.0,399.41
"Hibiscus Flowers Wall Decal - Wall Sticker, Vinyl Wall Art, Home Decor, Wall Mural - 2186 - 8in x 19in, Dark green",39.95,31.96
"Delicious Belle Of The Ball Sexy Costume, Yellow, Large",74.0,32.9
Gorilla With Expensive Camera Tee Men's -Image by Shutterstock,39.99,14.99
NEW KIT BRAKE PADS FIT HUSQVARNA TE 250 2002-2005 450 2002 2003 2004 54613309300,40.95,35.95
James Martin Furniture Brittany 36 in. Single Bathroom Vanity,2813.49,1384.99
15 Moulding Screw Grommets With Sealer For Nissan 76848-35F00,34.98,20.99
Reebok Men's Mesh Banded Shorts 2-Pack,59.98,34.99
Jason D165L-050 Double Sided Timing Belt,43.6,38.15
"Alfred's Drum Method, Book 1",20.99,16.87
Awkward Styles Shamrock Flag St. Patrick's Day Shirt Men Irish Gifts for Him Lucky T Shirt Saint Patrick's Day Shamrock Tshirt Irish Clover Shirt Funny Irish Men's Shirt Lucky Irish Flag Tshirt,23.95,14.95
"CafePress - Fluent In Song Lyrics, Movie Quotes, Sarcasm T-Shi - Light T-Shirt - CP",28.99,17.98
Ply Gem Raised Panel Shutter (Set of 2),79.63,61.99
HP Pavilion DV-2842TX Laptop Screen 14.1 LCD CCFL WXGA 1280x800,39.95,31.96
Peel-n-Stick Poster of Home Florida For Sale Buy Sell American Mortgage Poster 24x16 Adhesive Sticker Poster Print,16.99,15.29
Awkward Styles Sugar Skull Shirts for Men Jolly Roger Skull and Crossbones Men's Tee Shirt Tops Day of Dead Tshirts Pirate Flag Shirts Skull T-shirts Dia de Los Muertos T Shirts for Men,23.95,14.95
Women's Aviana 2457 Satin and Lace Minimizer Bra,55.0,49.5
The South Texas Health Status Review: A Health Disparities Roadmap,59.99,52.31
Ply Gem Raised Panel Shutter (Set of 2),121.63,103.99
M10*1.5 Manual MT Blue T-R Style Gear Shift Knob For VW Jetta Golf Beetle Rabbit,22.0,16.79
DuraTech Roof Support Trim,54.59,48.99
Eddie Bauer Women's Favorite Long-Sleeve Crewneck T-Shirt,35.0,17.5
Alno Inc Infinity Wall Mounted Towel Bar,99.95,69.97
1/7 TCW Round Diamond Platinum over Sterling Silver 3-Piece Bridal Engagement Wedding Ring Set,233.99,152.1
"EEEKit LED Light Bar 18W 6000K Waterproof LED Work Light Bar 10-30V 6 LED Driving Lights Fog Offroad Lamp For Vehicles, ATV, Truck",19.97,11.87
CafePress - FIN Nuts Squirrel - Cute Infant Baby Football Bodysuit,24.99,19.95
"Champro Adult Wristband Playbook, Single, Cardinal Camo Adult",7.0,3.95
Women's Rialto Adora Ballet Flat,55.01,23.99
1/7 TCW Round Diamond Platinum over Sterling Silver 3-Piece Bridal Engagement Wedding Ring Set,187.19,143.89
"EEEKit 5 in 1 Headset, Wireless Cordless Headphones, Earphones RF Radio Mic with Holder Stand for PC TV DVD CD MP3 MP4",24.97,15.47
Ply Gem Raised Panel Shutter (Set of 2),78.63,60.99
Youth Zoom 2.0 Shirt-222620,8.99,7.99
LC1420CI Magnet Fluorescent Ballast F20T12,18.97,14.49
Superb Choice 6-cell LENOVO FRU 42T4787 Laptop Battery,44.99,26.98
Stepping Stones Girls' Mary Jane Booties,16.99,13.99
New Way 862 - Women's Long Sleeve T-Shirt I Tried It At Home Experiment Fire Funny Humor Small Envy,21.99,18.69
Ply Gem Raised Panel Shutter (Set of 2),97.63,79.99
A4 Drop Ship Youth 3/4 Sleeve Utility Shirt,9.4,0.97
Go Sit On A Cactus Fun Font Tee Women's -Image by Shutterstock,35.44,11.96
Men's 1ct Diamond Ring In 14K Rose Gold I-J-K I1-I2 Size 10,3999.99,1699.99
Ohaus 80251047 Ckw Washdown Check Weighing Scale Base&#44; 15 Lbs. X 0.002 Lbs.,978.9,753.0
Reeds Aberdeen Asset Management Western Almanac 2014,51.95,30.43
MightySkins Protective Vinyl Skin Decal for OtterBox Resurgence iPhone 6 Power Case wrap cover sticker skins Bright Stones,8.39,6.99
Moon Stars- Die Cut&#44; 0.25 in. to 1.25 in.,19.96,15.25
Ply Gem Raised Panel Shutter (Set of 2),70.63,52.99
Die for Love: Library Edition,29.95,17.01
Vulcan Plier Groove Joint 8In,155.99,123.29
Eddie Bauer Women's Passenger Ponte 5-Pocket Pants,95.0,66.5
James Martin Furniture Brittany 36 in. Single Bathroom Vanity,2738.49,1350.99
12V 10.5Ah SLA Replacement Battery for Bladez eX 350 Scooter,44.83,26.8
"Sax Versatemp Heavy-Bodied Tempera Paint, Primary Yellow, Gallon",21.49,19.49
James Martin Furniture Brittany 36 in. Single Bathroom Vanity,2789.49,1384.99
Awkward Styles Shamrock Flag St. Patrick's Day Shirt Men Irish Gifts for Him Lucky T Shirt Saint Patrick's Day Shamrock Tshirt Irish Clover Shirt Funny Irish Men's Shirt Lucky Irish Flag Tshirt,25.95,16.95
Awkward Styles Shamrock Flag St. Patrick's Day Shirt Men Irish Gifts for Him Lucky T Shirt Saint Patrick's Day Shamrock Tshirt Irish Clover Shirt Funny Irish Men's Shirt Lucky Irish Flag Tshirt,20.95,11.95
"Egret Baits VuDu Shrimp 3.25"" , Cajun Pepper",7.69,6.92
031 - Unisex Long-Sleeve T-Shirt Disobey V For Vendetta Anonymous Fawkes Mask,16.49,14.02
Ply Gem Raised Panel Shutter (Set of 2),96.63,78.99
Ply Gem Raised Panel Shutter (Set of 2),94.63,76.99
Superb Choice 8-cell GATEWAY 7000GZ Series Laptop Battery,41.99,24.98
Krator Motorcycle Fluid Black Reservoir Cap Logo Engraved For 1986-1987 Yamaha Virago 700,26.99,10.99
Mightyskins Protective Vinyl Skin Decal Cover for LifeProof iPad Mini 1/2/3 Case nuud wrap sticker skins Chaos,14.38,11.99
Barjan 320600 Talk Back CB Radio External Speaker 12W Bulk,16.98,12.48
"HP Z2 Mini G3 Workstation Ultra Small Form Factor Premium Workstation Desktop PC (Intel Xeon E3 Quad-Core, 32GB RAM, 1TB HDD + 256GB PCIe SSD, NVIDIA Quadro M620, WiFi, Bluetooth, Win10 Pro)",2208.7,1783.95
"888120008005PB Moisture Separator 800 CFM, Portable 150 PSI (10.3 Bar), (1) 4 Lug W/B",2358.0,1768.5
Superb Choice 4-cell LENOVO IdeaPad S300-ITH Laptop Battery,54.99,32.98
James Martin Furniture Brittany 36 in. Single Bathroom Vanity,2759.49,1350.99
"Whitewash Window Frame with Floral Wreath, Home Accent DÃ©cor, 18â€ x 18â€",33.99,31.99
Go Sit On A Cactus Fun Font Tee Women's -Image by Shutterstock,39.99,14.99
Halyard Health KIM 10042 Lab Coat&#44; White - Large&#44; 25 Per Case,225.86,167.2
"Womens AR35 Adarra Wide Calf Over The Knee Boots, Black Smooth",99.5,67.66
Mens 10k White Gold Hammered Comfort Fit Wedding Band Ring,767.67,258.25
"South Bend Red/White Push Button Float (Assortment, 10 Pack)",2.99,1.74
Ply Gem Raised Panel Shutter (Set of 2),91.63,73.99
James Martin Furniture Brittany 36 in. Single Bathroom Vanity,2642.49,1282.99
Peel-n-Stick Poster of Home Florida For Sale Buy Sell American Mortgage Poster 24x16 Adhesive Sticker Poster Print,15.99,14.39
Is It To Late To Be Good Grinch Christmas Mens Tank Top Shirt,21.95,17.95
"Skin For OtterBox Defender Apple iPad Pro 12.9 | MightySkins Protective, Durable",17.98,14.99
Peel-n-Stick Poster of Color Colorful Flowerpot Plant Decoration Red Poster 24x16 Adhesive Sticker Poster Print,16.99,15.29
Grandeur Fifth Avenue Tall Plate Passage Door Knob,400.0,273.87
James Martin Furniture Brittany 36 in. Single Bathroom Vanity,2774.49,1359.99
Grandeur Fifth Avenue Tall Plate Passage Door Knob,400.0,300.0
The Holiday Aisle LED C7 Faceted Christmas Light Bulb,35.99,32.99
Eddie Bauer Women's Favorite Long-Sleeve Crewneck T-Shirt,30.0,19.99
Lutema TV Replacement Lamp with Housing / Bulb for Mitsubishi WD-65738,85.25,35.25
Liyu Adult Black Patent Zipper Closure Sturdy Sole Oxford Shoes,24.0,19.99
A Teacup Collection : Paintings of Porcelain Treasures,16.95,13.51
I-N-C Mens Contrast Sitching Casual Denim Shorts,49.5,22.98
"Abstract Heart Plant Wall Decal - Wall Sticker, Vinyl Wall Art, Home Decor, Wall Mural - S125 - 12in x 13in, Royal blue",19.95,15.96
Ply Gem Raised Panel Shutter (Set of 2),92.63,74.99
SPICED APPLE WINTER,7.99,5.99
James Martin Furniture Brittany 36 in. Single Bathroom Vanity,2685.99,1301.99
Peel-n-Stick Poster of Mountains Scenic Water Lake Sky Orange County Poster 24x16 Adhesive Sticker Poster Print,15.99,14.39
Zimtown Swings High Back Full Bucket Swing Seat with Plastic Coated Chains - Swing Set Green,49.99,31.99
Eddie Bauer Women's Passenger Ponte 5-Pocket Pants,85.0,54.99
Eddie Bauer Women's Favorite Long-Sleeve Crewneck T-Shirt,30.0,14.99
Eddie Bauer Women's Favorite Long-Sleeve Crewneck T-Shirt,35.0,16.99
031 - Unisex Long-Sleeve T-Shirt Disobey V For Vendetta Anonymous Fawkes Mask,21.99,18.69
"New Winderosa Sealing Gaskets for Ski-Doo Mach Z 1000 05 06 2005 2006, Mach Z 1000 Adrenaline 07 2007, Mach Z X 1000 07 2007, MX Z 1000 06 07 2006 2007, Summit 1000 05 06 07 2005 2006 2007",43.34,39.02
Colorful Paisley Monkey Head Muscle Tank Women's -Image by Shutterstock,50.49,21.99
New Way 862 - Women's Long Sleeve T-Shirt I Tried It At Home Experiment Fire Funny Humor Small Envy,24.19,20.56
Refurbished Dell Latitude E7440 i5 1.9GHz 16GB 500GB Windows 10 Pro 64 Laptop Camera B,321.6,235.84
Awkward Styles Shamrock Flag St. Patrick's Day Shirt Men Irish Gifts for Him Lucky T Shirt Saint Patrick's Day Shamrock Tshirt Irish Clover Shirt Funny Irish Men's Shirt Lucky Irish Flag Tshirt,20.89,11.89
CafePress - Surf's Up! - Men's Light Pajamas,49.99,25.0
Peel-n-Stick Poster of Color Colorful Flowerpot Plant Decoration Red Poster 24x16 Adhesive Sticker Poster Print,15.99,14.39
Gorilla With Expensive Camera Tee Men's -Image by Shutterstock,35.44,11.96
Chaco Women's Zvolv Athletic Sandal,69.96,51.98
"MightySkins Protective Vinyl Skin Decal for Apple MacBook 12"" (2015) wrap cover sticker skins Highway",22.78,18.99
Wind in the Reeds,16.78,11.4
12V 55AH Internal Thread Replaces Everest Jennings 3W Scooter,199.99,109.99
"5"" Pull - Precision - Satin Nickel",15.12,11.1
6.5â€™ Pre-Lit Dunhill Fir Artificial Christmas Tree â€“ Clear Lights,531.99,430.99
Harry Potter Gryffindor Quidditch Seeker Uniform Shortie PJ Set,55.0,28.95
Pro Pinstripe Jersey Sleeveles,55.0,27.5
"Womens AR35 Adarra Wide Calf Over The Knee Boots, Black Smooth",99.99,42.99
Superb Choice 6-cell TOSHIBA Satellite M305D-S4833 M305D-S48331 M305D-S4840 M305D-S4844 M305D-S48441 Laptop Battery,34.99,20.98
Open Opus,19.98,15.43
Youth Zoom 2.0 Shirt-222620,8.99,7.98
Trading Nation : Advancing Australia's Interests in World Markets,79.99,63.98
I'M ISOLAMARRAS Women's One Button Cropped Jacket 29 Black,336.0,100.77
"Split Cable, ZebHym,",25.45,23.52
Eddie Bauer Women's Passenger Ponte 5-Pocket Pants,95.0,54.99
Eddie Bauer Women's Favorite Long-Sleeve Crewneck T-Shirt,35.0,19.99
Women with Control Controlways Top with Cut- Out A273771,79.0,26.97
"Pse 2017 Brute Force Lite Rts Pkg Left Hand 29"" 60 Lbs Skullworks 2",571.67,535.85
Assorted Yarn Sleeves-5/Pkg,7.67,5.8
Women with Control Controlways Top with Cut- Out A273771,59.0,21.97
Women with Control Controlways Top with Cut- Out A273771,69.0,36.98
San Francisco Giants Women's Oversized Long Sleeve Ombre Spirit Jersey T-Shirt - Black,69.99,55.99
Aluminium Alloy 4CH Passive BNC to RJ45 UTP CCTV Video Balun Transceiver 4Pcs,265.99,132.69
Ply Gem Raised Panel Shutter (Set of 2),58.63,40.99
"Hibiscus Flowers Wall Decal - Wall Sticker, Vinyl Wall Art, Home Decor, Wall Mural - 2186 - 8in x 19in, Dark green",99.95,79.96
Eddie Bauer Women's Favorite Long-Sleeve Crewneck T-Shirt,30.0,21.0
"South Bend Red/White Push Button Float (Assortment, 10 Pack)",3.7,2.47
Taye BS5300 5000 Series 3 Sections Boom Cymbal Stand,86.39,63.89
Ply Gem Raised Panel Shutter (Set of 2),75.63,57.99
The New Whole Foods Encyclopedia : A Comprehensive Resource for Healthy Eating,25.0,19.29
Sculpey Polymer Clay Just Orange,7.67,5.8
Premium Compatibles Inc. RC200BPC Pci Star Rc200B Sp200 6Pk Black Ribbons,23.61,19.47
5Pcs 3296W-503 50K Ohm Resistor Trim Pot Potentiometer Trimmer Blue,9.99,4.75
Go Sit On A Cactus Fun Font Tee Women's -Image by Shutterstock,36.99,12.99
Sunsets Stained Glass Muse Bikini Top D-DD Cups,82.0,39.99
Waterco 073728 Orifice Main Burner Propa,13.85,10.55
Speak Out Kids vs Parents Game,10.97,10.12
Biltek LED High Beam Conversion Bulbs for 2007 Chevrolet Silverado Classic (9005 Bulbs),46.93,20.96
Peel-n-Stick Poster of Horizon Stroll Odessa Sea Dog People Poster 24x16 Adhesive Sticker Poster Print,15.99,14.39
"Split Cable, ZebHym,",25.77,23.4
Ply Gem Raised Panel Shutter (Set of 2),123.63,105.99
Robin Hood,24.99,15.7
Ralph Lauren Womens Belen Leather Closed Toe Loafers,98.0,60.39
Is It To Late To Be Good Grinch Christmas Mens Tank Top Shirt,22.95,18.95
"Zimtown Adjustable Artist Triopd Painting Drawing Easel Display Stand Whiteboard Holder Floor Sketching Exhibition, Wedding Studio, Collapsible New",19.99,14.99
Eddie Bauer Women's Favorite Long-Sleeve Crewneck T-Shirt,35.0,24.5
S6 Sargent Lock Key Blank&#44; Pack of 10,13.93,10.22
James Martin Furniture Brittany 36 in. Single Bathroom Vanity,2751.99,1359.99
"Hibiscus Flowers Wall Decal - Wall Sticker, Vinyl Wall Art, Home Decor, Wall Mural - 2186 - 8in x 19in, Dark green",19.95,15.96
Case Logic IFOL-308PHLOX Folio Case for 7.85-inch Apple iPad Mini - Phlox,42.78,13.36
"Split Cable, ZebHym,",29.99,24.99
Awkward Styles Unisex USA Flag Pitbull Graphic Sweatshirt Tops American Flag Pitbull Patriotic 4th of July,27.95,18.95
CafePress - FIN Nuts Squirrel - Cute Infant Baby Football Bodysuit,24.99,18.95
Harriton Men's Paradise Short-Sleeve Performance Shirt,44.6,26.61
"HP Z2 Mini G3 Workstation Ultra Small Form Factor Premium Workstation Desktop PC (Intel Xeon E3 Quad-Core, 32GB RAM, 1TB HDD + 256GB PCIe SSD, NVIDIA Quadro M620, WiFi, Bluetooth, Win10 Pro)",2598.7,2098.95
Living Beyond a Broken Marriage,5.99,5.03
Ply Gem Raised Panel Shutter (Set of 2),126.63,107.99
Ply Gem Raised Panel Shutter (Set of 2),84.63,66.99
Mfm Building Products Windowwrap Flex 45Wf09 9In Window Wrap Flex,83.82,61.99
Gorilla With Expensive Camera Tee Men's -Image by Shutterstock,36.99,12.99
Women's Aviana 2457 Satin and Lace Minimizer Bra,99.0,49.5
"HP Z2 Mini G3 Workstation Ultra Small Form Factor Premium Workstation Desktop PC (Intel Xeon E3 Quad-Core, 32GB RAM, 1TB HDD + 256GB PCIe SSD, NVIDIA Quadro M620, WiFi, Bluetooth, Win10 Pro)",2403.7,1941.45
"HP Z2 Mini G3 Workstation Ultra Small Form Factor Premium Workstation Desktop PC (Intel Xeon E3 Quad-Core, 32GB RAM, 1TB HDD + 256GB PCIe SSD, NVIDIA Quadro M620, WiFi, Bluetooth, Win10 Pro)",2468.7,1993.95
Peel-n-Stick Poster of Home Comforts Mirror Lake Seespiegelung Water Reflection Autumn Poster 24x16 Adhesive Sticker Poster Print,15.99,14.39
Alno Inc Infinity Wall Mounted Towel Bar,95.95,79.99
Women's Rialto Adora Ballet Flat,59.99,39.99
Look at Me!,9.99,8.21
1/7 TCW Round Diamond Platinum over Sterling Silver 3-Piece Bridal Engagement Wedding Ring Set,198.89,152.89
Original Osram Projector Replacement Lamp for Sharp AN-PH50LP1,156.05,106.05
"Three Stone Princess Cut Diamond Anniversary Engagement Ring 1.00 Carat (ctw) Color G-H, Clarity I1) in 14K Yellow and White Gold",2000.0,1279.0
"Hibiscus Flowers Wall Decal - Wall Sticker, Vinyl Wall Art, Home Decor, Wall Mural - 2186 - 8in x 19in, Dark green",29.95,23.96
3834F Mad Ultimate Billfold - Purple,16.9,13.0
Ralph Lauren Womens Belen Leather Closed Toe Loafers,98.0,50.99
Neptune,27.07,22.98
Toms Women's Lexie Sandal,79.0,39.97
Insten Book-Style Leather Glitter Cover Case w/stand/Diamond For Alcatel One Touch Evolve 2 - Hot Pink/Silver,8.99,3.09
Ply Gem Raised Panel Shutter (Set of 2),125.63,107.99
Toms Women's Lexie Sandal,79.0,39.5
Equipment Tool Plastic Female Thread Hole Ball Knob Handle Red 10mm Dia 2pcs,8.99,4.19
"HP Z2 Mini G3 Workstation Ultra Small Form Factor Premium Workstation Desktop PC (Intel Xeon E3 Quad-Core, 32GB RAM, 1TB HDD + 256GB PCIe SSD, NVIDIA Quadro M620, WiFi, Bluetooth, Win10 Pro)",2013.7,1626.45
"South Bend Red/White Push Button Float (Assortment, 10 Pack)",4.44,2.27
Faria Beede 13805 Chesapeake White SS 2 in. Voltmeter 10-16 Vdc,45.14,34.62
Nostalgic Warehouse Meadows Privacy Door Knob with Meadows Plate,190.0,113.87
"HP Z2 Mini G3 Workstation Ultra Small Form Factor Premium Workstation Desktop PC (Intel Xeon E3 Quad-Core, 32GB RAM, 1TB HDD + 256GB PCIe SSD, NVIDIA Quadro M620, WiFi, Bluetooth, Win10 Pro)",3508.7,2833.95
2 TCW Round Cubic Zirconia Eternity Band in Sterling Silver,95.0,49.99
Colors LED Light 6 Buttons Wired USB2.0 Optical Gaming Game Mouse for Computer,30.99,15.4
"Am Fm Radio Speaker, Black Studebaker Small Outdoor Retro Portable Am-fm Radio",47.99,39.49
Awkward Styles Sugar Skull Shirts for Men Jolly Roger Skull and Crossbones Men's Tee Shirt Tops Day of Dead Tshirts Pirate Flag Shirts Skull T-shirts Dia de Los Muertos T Shirts for Men,21.95,12.95
20pcs Red 17mm Car Wheel Lug Nut Cap Tyre Hub Screw Bolt Dust Cover Protector,32.99,16.49
Krator Chrome Shift Linkage Motorcycle Bike Shifter Link For 1985 & Up - Harley Davidon Softail models,44.99,19.99
D'Artefax Leopard Spot Circle Novelty Knob,30.99,17.99
New Way 075 - Men's Sleeveless Fbi Female Body Inspector,14.29,12.15
1/7 TCW Round Diamond Platinum over Sterling Silver 3-Piece Bridal Engagement Wedding Ring Set,360.0,179.99
"Abstract Heart Plant Wall Decal - Wall Sticker, Vinyl Wall Art, Home Decor, Wall Mural - S125 - 12in x 13in, Royal blue",69.95,55.96
Women with Control Controlways Top with Cut- Out A273771,69.0,24.97
New Way 075 - Men's Sleeveless Fbi Female Body Inspector,12.09,10.28
Smart-AVI HDC-VXS Format Converters,299.0,262.06
6.6 in. SuperSpeed USB Device Cable - Blue,18.76,14.33
"Split Cable, ZebHym,",25.15,23.46
Peel-n-Stick Poster of Home Comforts Mirror Lake Seespiegelung Water Reflection Autumn Poster 24x16 Adhesive Sticker Poster Print,16.99,15.29
"Split Cable, ZebHym,",25.47,23.83
Bridget Riley: Works 1981-2015,50.0,32.05
Peel-n-Stick Poster of Purple Flower Daisy Nature Plant Natural Flora Poster 24x16 Adhesive Sticker Poster Print,15.99,14.39
"CafePress - Fluent In Song Lyrics, Movie Quotes, Sarcasm T-Shi - Light T-Shirt - CP",25.99,14.98
Ply Gem Raised Panel Shutter (Set of 2),76.63,58.99
Omix-Ada 12006.09 Windshield Frame Fits 87-95 Wrangler (YJ),238.14,225.64
DuraTech Roof Support Trim,55.99,49.99
Girls` Scallop Tennis Skort Live Love Camp,44.0,38.74
Ariel Bath 48'' x 29'' Dual Air and Whirlpool Walk-In Bathtub,3344.0,2755.0
Ralph Lauren Womens Belen Leather Closed Toe Loafers,98.0,63.31
Kangol Baron Trilby,54.0,45.9
Eddie Bauer Women's Passenger Ponte 5-Pocket Pants,85.0,39.99
"20pcs Cabinet Cupboard Drawer Door Stainless Steel Pull Handle 4.5"" Long",25.99,12.99
Women's Rialto Adora Ballet Flat,55.0,31.99
Awkward Styles Unisex USA Flag Pitbull Graphic Sweatshirt Tops American Flag Pitbull Patriotic 4th of July,37.95,28.95
Ply Gem Raised Panel Shutter (Set of 2),80.63,62.99
Bloomsbury Market Orchid Floral Arrangement in Wooden Small Square Container,151.8,113.99
6.6 in. SuperSpeed USB Device Cable - Blue,14.57,11.11
James Martin Furniture Brittany 36 in. Single Bathroom Vanity,2714.49,1359.99
Peel-n-Stick Poster of Color Colorful Flowerpot Plant Decoration Red Poster 24x16 Adhesive Sticker Poster Print,44.99,40.49
Ply Gem Raised Panel Shutter (Set of 2),98.63,80.99
Soleil 16 Gauge Stainless Steel 23.25'' L x 20.88'' W Undermount Kitchen Sink with Arc Faucet,316.0,284.99
031 - Unisex Long-Sleeve T-Shirt Disobey V For Vendetta Anonymous Fawkes Mask,19.79,16.82
Peel-n-Stick Poster of Mountains Scenic Water Lake Sky Orange County Poster 24x16 Adhesive Sticker Poster Print,16.99,15.29
Toms Women's Lexie Sandal,79.0,46.47
"Hibiscus Flowers Wall Decal - Wall Sticker, Vinyl Wall Art, Home Decor, Wall Mural - 2186 - 8in x 19in, Dark green",69.95,55.96
Ply Gem Raised Panel Shutter (Set of 2),119.63,101.99
Stright Shank Core Drill&#44; High Speed Steel - 1.093 dia. x 6.875 Flute Length x 11.50 OAL with 4 Flutes - Series D254,329.54,244.0
Fenwick Eagle Salmon/Steelhead Casting Fishing Rod,69.99,60.61
Ply Gem Raised Panel Shutter (Set of 2),69.63,51.99
"Women's LaCrosse Uplander II 6"" Duck Boot",189.99,125.58
"Split Cable, ZebHym,",25.77,24.13
James Martin Furniture Brittany 36 in. Single Bathroom Vanity,1838.2,1157.27
TURNING POINT HUB KIT #201,31.99,21.66
"Charlotte PVC011170600HA Adapter Coupling, 4 &quot; x 3 &quot;",11.27,10.14
Casual Blouses Plus Size Lattice Marled Handkerchief T-shirt For Women,20.98,16.79
"""In Vinyl W.e Trust"" Rasta Quote Men's T-shirt",32.99,21.99
MightySkins Skin Decal Wrap Compatible with HP Sticker Protective Cover 100's of Color Options,15.99,12.99
Sony Alpha a6500 Mirrorless Digital Camera with 16-50mm Lens ILCE6500KIT + Sony E 55-210mm f/4.5-6.3 OSS Lens (Black) SEL55210/B + NP-FW50 Replacement Lithium Ion Battery + Deluxe Cleaning Kit Bundle,1598.0,1498.0
God's Gateway : Identity and Meaning in a Hindu Pilgrimage Place,74.0,66.6
"Healthy Joints for Life : An Orthopedic Surgeon's Proven Plan to Reduce Pain and Inflammation, Avoid Surgery and Get Moving Again",17.95,16.29
The Uncomfortable Church: Can Gays Be Reconciled to the Body of Christ?,13.99,12.91
CAT5e 100-MHz Shielded Stranded PVC Cable - 26 AWG&#44; White - 1 ft.,24.17,18.49
19U Mixer Studio Rack Stand on Wheels Black,78.11,52.07
Pink Ribbon Rhinestone Shirts Aqua S - 10,18.16,14.25
Lutema TV Replacement Lamp with Housing / Bulb for JVC HD-61G657,85.25,35.25
IPM for Gardeners : A Guide to Integrated Pest Management,27.95,17.89
Unisex F**k It Short Sleeve Shirt,23.98,11.99
Lutema TV Replacement Lamp with Housing / Bulb for JVC HD-61G657,89.97,39.97
"Lion Brand Homespun Yarn, Available in Mutiple Colors",7.49,5.15
Unisex F**k It Short Sleeve Shirt,33.98,16.99
"Lion Brand Homespun Yarn, Available in Mutiple Colors",9.64,7.49
"""In Vinyl W.e Trust"" Rasta Quote Men's T-shirt",19.49,12.99
Black Power Ranger X-Large Heather Black Men's Tri-Blend T-Shirt,40.0,30.99
CAT5e 100-MHz Shielded Stranded PVC Cable - 26 AWG&#44; White - 1 ft.,14.58,10.7
The Linden Tree,60.0,45.65
"""In Vinyl W.e Trust"" Rasta Quote Men's T-shirt",17.99,11.99
Winter Adventure,17.95,13.81
"Edwards Garment Women's Two Pockets Chino Blend Cargo Pant, Style 8568",39.06,34.36
Black Power Ranger X-Large Heather Black Men's Tri-Blend T-Shirt,38.0,28.99
5 1/2 Inch Platform Shoes Slingback Pumpes Rhinestone Glamour Sexy Shoes,93.99,73.98
"Lion Brand Homespun Yarn, Available in Mutiple Colors",9.95,7.59
VISUO XS812 2.4G GPS 5G Wifi 720P Wide Angle Camera Foldable Wifi FPV Altitude Hold RC Drone w/ 2 Batteries,149.8,140.81
Shop4Ever Men's Colon Cancer Awareness Ribbon Support Hooded Sweatshirt Hoodie,39.99,32.94
Mozart Highlights,21.75,16.72
"Samsung 4K Ultra-HD Blu-ray & DVD Player with HDR, Wi-Fi Streaming - UBD-M8500",299.99,247.99
Superb Choice 9-cell HP Pavilion Dv6-2128Tx Laptop Battery,46.99,27.98
Prime Cuts,17.98,12.25
Hollow Crown: The Wars of the Roses (DVD),34.98,28.81
"Lion Brand Homespun Yarn, Available in Mutiple Colors",8.97,7.49
Superb Choice 4-cell HP Pavilion Sleekbook 15-B117El Laptop Battery,48.99,28.98
Quiet As It's Kept,15.98,10.29
The Judgement Line: A Christian's Greatest Challenge,15.99,11.17
Fox *CTX* Bassoon Bocals *CTX* - 3,749.0,399.97
They Sing the Wedding of God : An Ethnomusicological Study of the Mahadevji Ka Byavala as Performed by the Nath-Jogis of Alwar,55.0,49.5
Shop4Ever Men's Colon Cancer Awareness Ribbon Support Hooded Sweatshirt Hoodie,39.99,28.94
Mightyskins Protective Skin Decal Cover for OtterBox Defender Apple iPad Air Case wrap sticker skins Scuba Flag,14.38,11.99
"Lion Brand Homespun Yarn, Available in Mutiple Colors",7.99,5.19
Sony Alpha a6500 Mirrorless Digital Camera with 16-50mm Lens ILCE6500KIT + Sony E 55-210mm f/4.5-6.3 OSS Lens (Black) SEL55210/B + NP-FW50 Replacement Lithium Ion Battery + Deluxe Cleaning Kit Bundle,1946.0,1846.0
Laptop AC Power Adapter Charger for HP Pavilion dv9428nr,56.0,29.98
Lutema Replacement Lamp with Housing / Bulb for Triumph-Adler SP-LAMP-LP2E,203.38,153.38
Superb Choice 6-cell HP Mini 730EA Laptop Battery,38.99,22.98
Refurbished Corel CDHSX8ENMBAM CorelDRAW Home & Student Suite X8,65.99,27.12
Xrebirth,39.96,3.85
"i-Blason GalaxyNoteIII-LeatherBook Leather Slim Book for Samsung Galaxy Note III Smartphone, Black",46.18,19.99
Faux Real F132134 Big Size Merry F*ckin&#039; Christmas Costume-2X,35.17,25.95
Refurbished Microsoft D5S-00004 Touch Cover Keyboard for Surface - Cyan Blue,79.0,31.6
Osram P-VIP 350/1.3 E21.8 High Quality Original OEM Projector Bulb,233.99,200.39
CAT5e 100-MHz Shielded Stranded PVC Cable - 26 AWG&#44; White - 1 ft.,27.81,21.29
"i-Blason GalaxyNoteIII-LeatherBook Leather Slim Book for Samsung Galaxy Note III Smartphone, Black",43.87,18.99
"MightySkins Skin For Lenovo Flex 5 15"" (2017) | Protective, Durable, and Unique Vinyl Decal wrap cover | Easy To Apply, Remove, and Change Styles | Made in the USA",23.99,19.99
Shane,24.95,18.45
Car Laptop AC Power Adapter Charger for HP Compaq Mini 701ER,56.0,29.98
"6V 4.5AH Battery Replaces Emergi Lite M1860004, QSM1, ME2N - 3 Pack",39.99,22.99
Start Your Own Net Services Business : Your Step-By-Step Guide to Success,17.95,10.41
[P] Disney Womens' Classic Mickey & Minnie Mouse Pajama Top - Grey (2XL),18.13,16.32
2-Pack Wired 8-bit Controller For Nintendo Entertainment System,21.59,12.59
Superb Choice 90W Lenovo IdeaPad Z460A Laptop AC Adapter,29.99,17.99
Invisible Cities,19.99,16.8
New Textured Black Entry Phone with Proximity Card Reader & Blue LED Automatic Disconnect Flush Mount in a Double Gang Box or Surface Mount with an Optional VE-5x5,626.56,481.87
Refurbished Dell Precision T1700 SFF i5-4570 3.20GHz 32GB 128GB SSD Win 10 Pro 1 Yr Wty,581.98,451.99
Walking on Lava : Selected Works for Uncivilised Times,20.0,15.86
Black Power Ranger X-Large Heather Black Men's Tri-Blend T-Shirt,43.0,32.99
"Lion Brand Homespun Yarn, Available in Mutiple Colors",5.56,4.63
Preparing Sunday Dinner : A Collaborative Approach to Worship and Preaching,18.99,14.68
Z By Zella NEW Black Womens Size XL Space-Dye Stretch Athletic Jacket,40.0,20.98
KMG 6V 7Ah Replacement Battery for Light Alarms 2PGM9MHV,50.99,22.99
120 Great Paintings of the American West,29.13,19.41
MightySkins Protective Vinyl Skin Decal for LG G Vista wrap cover sticker skins Flower Child,8.39,6.99
MightySkins Skin Decal Wrap Compatible with HP Sticker Protective Cover 100's of Color Options,23.99,19.99
Marlon Brando,9.99,9.35
Refurbished Dell Optiplex 7020 SFF G3240 3.10GHz Wi-Fi 16GB 500GB Win 7 Pro 1 Yr Wty,374.98,264.99
Shop4Ever Men's Colon Cancer Awareness Ribbon Support Hooded Sweatshirt Hoodie,39.99,23.94
"Edwards Garment Women's Two Pockets Chino Blend Cargo Pant, Style 8568",32.56,28.21
Fringe,17.22,14.28
Jukebox Girl Kid's Costume,99.99,58.99
"Lion Brand Homespun Yarn, Available in Mutiple Colors",9.27,4.63
CAT5e 100-MHz Shielded Stranded PVC Cable - 26 AWG&#44; White - 1 ft.,21.75,16.63
5pcs DC3V 0.23A 8000(+/-10%)RPM Motor w 4 Vanes Blue 56mm Rotating Dia Propeller,26.99,13.09
"Lion Brand Homespun Yarn, Available in Mutiple Colors",7.49,6.49
"Pack of 6 Blue, Red and Yellow Inflatable Clear Swimming Pool Doodle 72""",19.99,12.49
I'll Be Your Shelter,6.99,5.94
Mignova Slim Shell Case for All-New Fire 7 2017 - Ultra Slim Lightweight Standing Cover Case for Fire 7 Tablet (7th Generation - 2017 release)+ Screen Protector Film and Stylus Pen (Blue),49.99,11.99
DDI 1923374 16 in. Business Portfolio - Royal Black,384.17,284.47
"Edwards Garment Women's Two Pockets Chino Blend Cargo Pant, Style 8568",32.56,29.64
Quick Cooking for Diabetes : 70 recipes in 30 minutes or less,9.99,7.49
Glarry Mini Foldable Guitar Stand Black,16.0,10.67
The Holiday Aisle 3D Glitter Star Ornament,23.04,17.99
Unisex F**k It Short Sleeve Shirt,27.98,13.99
"MightySkins Protective Vinyl Skin Decal for Microsoft Surface 3 Tablet 10.8"" screen wrap cover sticker skins Black Vintage",14.38,11.99
The Faerytale Oracle (Other),23.95,16.28
Jon Brion Remix (Ep) (Ogv) (Vinyl),14.58,10.98
The Holiday Aisle 3D Glitter Star Ornament,33.04,27.99
CAT5e 100-MHz Shielded Stranded PVC Cable - 26 AWG&#44; White - 1 ft.,27.66,21.18
Philips Bare Lamp For Toshiba TDP-D2EF / TDPD2EF Projector DLP LCD Bulb,168.99,126.0
Healthy Eating: Diabetes : Delicious Recipes for Type 2 Diabetes,9.99,8.71
Exam Ref 70-411 Administering Windows Server 2012 R2 (McSa) : Administering Windows Server 2012 R2,39.99,32.75
How to Keep People from Pushing Your Buttons - eBook,15.0,10.2
"Classic 4mm Domed Titanium Wedding Band, Unisex Engagement Band (Available in Sizes 4-14)",99.98,18.88
"Welo Opal, Tanzanite 14K Yellow Gold and Platinum Plated 925 Solid Silver Gift Bangle Bracelet 7.5""",719.99,177.59
Casual Blouses Plus Size Lattice Marled Handkerchief T-shirt For Women,31.98,25.49
Lutema Replacement Lamp with Housing / Bulb for Triumph-Adler SP-LAMP-LP2E,191.5,141.5
Casual Blouses Plus Size Lattice Marled Handkerchief T-shirt For Women,26.98,21.29
CAT5e 100-MHz Shielded Stranded PVC Cable - 26 AWG&#44; White - 1 ft.,19.72,15.07
"""In Vinyl W.e Trust"" Rasta Quote Men's T-shirt",26.99,17.99
Growing up in a Korean Kitchen : A Cookbook,29.99,17.95
Home Cardboard Flower Print Travel Memo Collection Picture Book Photo Album Red,20.99,10.27
"Canon XA15 Professional Camcorder + Backpack + 50"" Tripod + UV-CPL-FLD- 16GB Kit",2315.99,1556.99
"Edwards Garment Women's Two Pockets Chino Blend Cargo Pant, Style 8568",32.56,29.71
"Samsung Galaxy S8+ Case, Samsung Galaxy S8 Plus Case, by Insten Hybrid Glitter Clear PC/TPU Case Cover For Samsung Galaxy S8+ S8 Plus - Silver",9.79,5.51
GEARONIC Luxury Flip PU Leather Skin Front View Wallet Cover Hard Pouch Case For Apple iPhone 6 6S,8.54,5.69
Don Quijote de la Mancha,16.0,13.6
Panasonic LUMIX GH5 4K Camera w/ 12-35mm Lens + RODE VideoMicro + Tripod + 128GB Card + Accessory Bundle,2995.98,2395.98
